Teszt Péter,+36773171539,test.peter@example.com,Szombathely,test,123,5,1,1
Kiss Béla,+36433136461,béla.kiss@example.com,Szombathely,34é23,vDTgMisJ4K9s,6,2,2
Tóth Gábor,+36446178460,gábor.tóth@example.com,Győr,óó41t,5xQ^_eLlfV1N,7,3,3
Varga János,+36816549907,jános.varga@example.com,Kecskemét,go26og,w7Lm8YCT,8,4,4
Kovács László,+36258378453,lászló.kovács@example.com,Pécs,ó9l8cko,1h!%0I2q,9,5,5
Németh Péter,+36179361161,péter.németh@example.com,Miskolc,89e1ee,PXWG)o!P),10,6,6
Tóth János,+36052524346,jános.tóth@example.com,Debrecen,9ht8h,Tp2K(UNmr1n,11,7,7
Horváth Péter,+36969536883,péter.horváth@example.com,Székesfehérvár,r9o25,ktWSOLrdVU4,12,8,8
Nagy Béla,+36715909219,béla.nagy@example.com,Szeged,g3b33a,yBl!6Wic,13,9,9
Kovács László,+36284053882,lászló.kovács@example.com,Szeged,k225ó,NGp3ID=knO5,14,10,10
Tóth Mária,+36672081254,mária.tóth@example.com,Kecskemét,mmó9mtr,3NT-NLbCWrM,15,11,11
Horváth Béla,+36460001837,béla.horváth@example.com,Kecskemét,9b9tá,$v7!tf@=_4,16,12,12
Németh Péter,+36040745114,péter.németh@example.com,Győr,7nh699,Ggt5j=Y&,17,13,13
Tóth Andrea,+36552778364,andrea.tóth@example.com,Kecskemét,28ó7d,gq)g3TU@jGGr,18,14,14
Kiss Gábor,+36840522615,gábor.kiss@example.com,Szombathely,b3280,*7EMCUvGl,19,15,15
Tóth Béla,+36259830081,béla.tóth@example.com,Szeged,a18at1,%@hO%M#3*+O,20,16,16
Kiss Zsuzsanna,+36232078234,zsuzsanna.kiss@example.com,Miskolc,asa965,xaZJh-@y,21,17,17
Nagy Zsuzsanna,+36864842564,zsuzsanna.nagy@example.com,Székesfehérvár,n2g7a5,0Vq+W@an,22,18,18
Nagy Gábor,+36660463033,gábor.nagy@example.com,Győr,50á72,eX4kDf-s(2,23,19,19
Horváth László,+36665996847,lászló.horváth@example.com,Debrecen,áo3óh,$aN3S0MC,24,20,20
Horváth Béla,+36554261466,béla.horváth@example.com,Miskolc,ho1206,ZMPl24d4QUpy,25,21,21
Szabó Katalin,+36865729533,katalin.szabó@example.com,Győr,a9btnb3,k%E9sIIyUQ5,26,22,22
Horváth János,+36822948783,jános.horváth@example.com,Kecskemét,2jr3sá,XQVS+^kLjb,27,23,23
Varga Andrea,+36374510924,andrea.varga@example.com,Szombathely,anaa3g7,8feDs2t*,28,24,24
Molnár Béla,+36882376739,béla.molnár@example.com,Kecskemét,r06bé,UnMgH#Hs,29,25,25
Molnár Béla,+36051007225,béla.molnár@example.com,Szeged,0l5m3,H6DS)@S+kc,30,26,26
Németh Zsuzsanna,+36205210384,zsuzsanna.németh@example.com,Debrecen,mzé8m5n,5HcRt%*I=,31,27,27
Nagy Péter,+36428759594,péter.nagy@example.com,Kecskemét,yeé96e,%UmMm=ssnr,32,28,28
Tóth Katalin,+36052830055,katalin.tóth@example.com,Kecskemét,ila27,JwtWvV3Ml26Q,33,29,29
Tóth János,+36778908724,jános.tóth@example.com,Szeged,2o07s,!j7cb99SkJsA,34,30,30
Kovács László,+36029349614,lászló.kovács@example.com,Budapest,28óc9,cz0p30LR,35,31,31
Tóth Zsuzsanna,+36007812935,zsuzsanna.tóth@example.com,Székesfehérvár,a0nh1,*!I-wBtUFyk,36,32,32
Németh Katalin,+36625183135,katalin.németh@example.com,Győr,7hnketn,hgD^ZNAH,37,33,33
Kiss Katalin,+36406190176,katalin.kiss@example.com,Szeged,ik4nts,Y*vw9Xp+,38,34,34
Varga Gábor,+36153072743,gábor.varga@example.com,Szombathely,áá8ág,&mh=4ot)wc,39,35,35
Kiss Béla,+36062983576,béla.kiss@example.com,Szombathely,941k2s,GxA@reHD1q8,40,36,36
Horváth Mária,+36586474630,mária.horváth@example.com,Szombathely,hmh3áo,CKv_sICR@,41,37,37
Kovács Mária,+36082015181,mária.kovács@example.com,Székesfehérvár,r04v4,RR3S9N=X*_Vr,42,38,38
Kovács Béla,+36353997355,béla.kovács@example.com,Szeged,89voá9,9o9BuwBZOy,43,39,39
Kiss László,+36510855191,lászló.kiss@example.com,Szombathely,9kis0i2,G=HdgZuNp,44,40,40
Horváth Zsuzsanna,+36333351131,zsuzsanna.horváth@example.com,Szeged,5at8z,ndp))c!&,45,41,41
Kovács Béla,+36512399556,béla.kovács@example.com,Miskolc,c837o,QEdWZQ4p9,46,42,42
Varga Péter,+36344695480,péter.varga@example.com,Szombathely,42e4a,qPC%Hco&$p,47,43,43
Varga Andrea,+36952824587,andrea.varga@example.com,Miskolc,9nnaaa,5nZV@1FRg,48,44,44
Nagy Andrea,+36908145875,andrea.nagy@example.com,Debrecen,0038n8,+fu!Ifo#,49,45,45
Nagy Béla,+36276149050,béla.nagy@example.com,Székesfehérvár,44g8a,4eg6Q58A,50,46,46
Kiss Gábor,+36990711917,gábor.kiss@example.com,Miskolc,o358r,u-ex&g6ux,51,47,47
Kiss Katalin,+36204821212,katalin.kiss@example.com,Szeged,3aill2,LB@Qbr@ek,52,48,48
Varga Béla,+36168539578,béla.varga@example.com,Miskolc,l536ab,eK^PTX19OuNB,53,49,49
Szabó Béla,+36336234286,béla.szabó@example.com,Kecskemét,14723,(ab$EVs^b,54,50,50
Kiss László,+36461785194,lászló.kiss@example.com,Miskolc,307iól9,Yqd_Wg%2CvD,55,51,51
Tóth Katalin,+36958664948,katalin.tóth@example.com,Győr,a76635,bnTTB+HA,56,52,52
Kovács Mária,+36857408546,mária.kovács@example.com,Miskolc,59k92,mUb#q*#iq70K,57,53,53
Németh Andrea,+36650408899,andrea.németh@example.com,Pécs,3e0at,yY1k-B5OYyq,58,54,54
Horváth Zsuzsanna,+36593196562,zsuzsanna.horváth@example.com,Pécs,v1atz4a,aWXN&2qH62O7,59,55,55
Nagy Mária,+36221123994,mária.nagy@example.com,Szeged,7a68m4,Y$EsYyAn8,60,56,56
Molnár Zsuzsanna,+36813254309,zsuzsanna.molnár@example.com,Budapest,95a0á4,!1O+z_%iCqvk,61,57,57
Tóth Katalin,+36906294134,katalin.tóth@example.com,Pécs,ó0tait,aygSyy&!mm^3,62,58,58
Nagy Péter,+36811694291,péter.nagy@example.com,Szombathely,y2y95pg,qGEY)1avmM%,63,59,59
Varga Péter,+36966066544,péter.varga@example.com,Debrecen,93aa5ae,F9xbM3@fuy#,64,60,60
Molnár Zsuzsanna,+36366406809,zsuzsanna.molnár@example.com,Szombathely,zn5oz,%Xb2@e2-5=,65,61,61
Tóth Katalin,+36288283148,katalin.tóth@example.com,Miskolc,t6681ó4,*bqvo1e$ofsJ,66,62,62
Molnár Péter,+36579169418,péter.molnár@example.com,Miskolc,e1pplém,FIbta0yJz,67,63,63
Horváth Zsuzsanna,+36101388533,zsuzsanna.horváth@example.com,Budapest,z7uzns,wn8WH+T%k@TE,68,64,64
Horváth Andrea,+36251999571,andrea.horváth@example.com,Szombathely,á4aah,i@QXFaw_,69,65,65
Németh Andrea,+36257415494,andrea.németh@example.com,Miskolc,n4éa2de,$I=QijkQcy($,70,66,66
Németh László,+36882422380,lászló.németh@example.com,Budapest,2nlhn,3L^QeG4%,71,67,67
Varga László,+36091595386,lászló.varga@example.com,Szombathely,4azga3,@iqD0++A,72,68,68
Nagy László,+36242259189,lászló.nagy@example.com,Debrecen,0áz06,2ENYY6=w,73,69,69
Kovács László,+36050055496,lászló.kovács@example.com,Debrecen,k3s7c7,nRMuy7z82szp,74,70,70
Kovács Mária,+36500707250,mária.kovács@example.com,Budapest,08rmc5á,T^tq76X9s,75,71,71
Németh Béla,+36411375082,béla.németh@example.com,Miskolc,1é3l4,wMzE&tcf,76,72,72
Nagy János,+36168489330,jános.nagy@example.com,Kecskemét,2n436,G1DKjszS%,77,73,73
Szabó Andrea,+36893248190,andrea.szabó@example.com,Pécs,5279ó3a,u=r@%e5xu5o,78,74,74
Szabó László,+36894735082,lászló.szabó@example.com,Győr,bs20l12,&eI!I6E@j,79,75,75
Németh Katalin,+36501129428,katalin.németh@example.com,Debrecen,a0tnte1,f%Om&POOdd7j,80,76,76
Tóth Andrea,+36622016175,andrea.tóth@example.com,Győr,dehóa,a2@aFmPqHS,81,77,77
Horváth Péter,+36200414919,péter.horváth@example.com,Szombathely,vé9tt,5ZUPG_=#QI#o,82,78,78
Kovács Béla,+36470441654,béla.kovács@example.com,Győr,áov9ov,(T&@VC2-0AHR,83,79,79
Németh László,+36864529569,lászló.németh@example.com,Kecskemét,tz43zó5,R#CJvD#Z6,84,80,80
Horváth Andrea,+36311514387,andrea.horváth@example.com,Budapest,á71tor,o#CMD$CG-Oj,85,81,81
Kovács Gábor,+36007124446,gábor.kovács@example.com,Budapest,83or9kk,3sz71WUbDR)p,86,82,82
Varga László,+36997481490,lászló.varga@example.com,Debrecen,4915l5l,5_x9eXcD7wP,87,83,83
Kiss Andrea,+36404109277,andrea.kiss@example.com,Miskolc,4945an,(7L@mB$Fn+u,88,84,84
Szabó Gábor,+36939110889,gábor.szabó@example.com,Szombathely,015873b,)Jbm6DMy9Z,89,85,85
Horváth László,+36818162217,lászló.horváth@example.com,Debrecen,zsl35l7,Gx&AuKE8g+a,90,86,86
Kovács Katalin,+36071474639,katalin.kovács@example.com,Szombathely,a5737,xV!M@=iW)oTo,91,87,87
Molnár Béla,+36755797379,béla.molnár@example.com,Budapest,nlá5ll,WPH1YcqH_Y2,92,88,88
Kovács Péter,+36080372736,péter.kovács@example.com,Budapest,é94práé,UVjUmI3KFN(+,93,89,89
Nagy Katalin,+36246672388,katalin.nagy@example.com,Győr,798n7,hTI!E4XT5P,94,90,90
Tóth Andrea,+36513953339,andrea.tóth@example.com,Miskolc,9a4ah3,tTUwNh3B^y,95,91,91
Nagy Andrea,+36650583200,andrea.nagy@example.com,Budapest,n1100,jEKFyYtd,96,92,92
Szabó Zsuzsanna,+36224886506,zsuzsanna.szabó@example.com,Miskolc,sa719,&JvPUp@9p4FZ,97,93,93
Tóth Zsuzsanna,+36951627918,zsuzsanna.tóth@example.com,Szombathely,3tsha1,qxs&o3n08,98,94,94
Nagy Zsuzsanna,+36899105551,zsuzsanna.nagy@example.com,Budapest,4y9zz5,&F%dPEENXG,99,95,95
Szabó Gábor,+36546729323,gábor.szabó@example.com,Szeged,9rábr,E+sZ2Qc*,100,96,96
Varga Péter,+36602165095,péter.varga@example.com,Szeged,grr0p,o&834rz3-gl2,101,97,97
Kovács Katalin,+36374643708,katalin.kovács@example.com,Budapest,46ná9va,%R8gZ56ibk(,102,98,98
Németh Katalin,+36422244495,katalin.németh@example.com,Pécs,956m4me,4b3HhwAevC,103,99,99
Molnár János,+36657144555,jános.molnár@example.com,Debrecen,1ná85,Tuvb6=Gch_5,104,100,100
Kiss Andrea,+36896146590,andrea.kiss@example.com,Szombathely,ks61e9,K1ftawo5,105,101,101
Nagy Katalin,+36992337180,katalin.nagy@example.com,Budapest,6ll24n,coRhHUIxw4vg,106,102,102
Kiss Katalin,+36529550309,katalin.kiss@example.com,Pécs,9n74ass,CU2wNz_A-,107,103,103
Molnár Andrea,+36383462480,andrea.molnár@example.com,Kecskemét,4ro6m9,fNvd#iAa=zt(,108,104,104
Kiss Gábor,+36975942952,gábor.kiss@example.com,Szeged,s2723,2nemj9BTPnr,109,105,105
Horváth Andrea,+36288896422,andrea.horváth@example.com,Kecskemét,aart1t,%H24pG-r,110,106,106
Nagy Péter,+36625901389,péter.nagy@example.com,Székesfehérvár,apyp6,&jDDxX+E,111,107,107
Tóth János,+36944033990,jános.tóth@example.com,Székesfehérvár,s4442t9,4yClX6oFlU,112,108,108
Varga Béla,+36341445749,béla.varga@example.com,Győr,1a1rla,++-z)PU_B,113,109,109
Molnár János,+36494807561,jános.molnár@example.com,Székesfehérvár,áán1lj,TW)auK@c$,114,110,110
Molnár Andrea,+36212445832,andrea.molnár@example.com,Szeged,n27o9rá,zWT)g!0K@fR,115,111,111
Horváth László,+36642146985,lászló.horváth@example.com,Szombathely,r9l31,28K$Tk5pS,116,112,112
Kiss Mária,+36182690544,mária.kiss@example.com,Kecskemét,i4r3i1m,Iz393%f1Z,117,113,113
Tóth László,+36658028014,lászló.tóth@example.com,Szombathely,ó32110,3xhPm5R#!Ng,118,114,114
Németh Andrea,+36641342750,andrea.németh@example.com,Pécs,9é2aa9h,kpyZ*GIcgA,119,115,115
Szabó Zsuzsanna,+36173912914,zsuzsanna.szabó@example.com,Székesfehérvár,a71u2aó,5t0zSktFNqv,120,116,116
Kiss Gábor,+36868133919,gábor.kiss@example.com,Szeged,92áoo,4H!FL*vw,121,117,117
Németh Andrea,+36034130461,andrea.németh@example.com,Kecskemét,4rrtrt4,tGeM3jfWg7,122,118,118
Varga Béla,+36261713473,béla.varga@example.com,Szeged,ga8gb7,b_AioviXoR^,123,119,119
Tóth Andrea,+36255230699,andrea.tóth@example.com,Budapest,n8e3a,&vDYKI-ao9=,124,120,120
Molnár János,+36861157709,jános.molnár@example.com,Debrecen,n278j68,&p8Fg$CZKk,125,121,121
Kovács Béla,+36356633088,béla.kovács@example.com,Kecskemét,oao1á7o,c8G9^Jdt#C,126,122,122
Tóth Péter,+36334360921,péter.tóth@example.com,Miskolc,8óé8ó6,y04wR%_K,127,123,123
Horváth László,+36374499884,lászló.horváth@example.com,Székesfehérvár,sr9á8,&zmWLIyEQPo,128,124,124
Kiss Gábor,+36500069971,gábor.kiss@example.com,Szombathely,bá06r0,=!tD)i(^K)_M,129,125,125
Kiss Béla,+36520417449,béla.kiss@example.com,Miskolc,7a577b0,UUC2GHf4#K,130,126,126
Németh János,+36883316660,jános.németh@example.com,Szombathely,nn06h3,h1AS_=XTl,131,127,127
Kovács János,+36395190120,jános.kovács@example.com,Kecskemét,98á4343,hlnvvE&0sQ,132,128,128
Szabó Andrea,+36020127172,andrea.szabó@example.com,Szeged,25e4r,r_SBRfeF,133,129,129
Németh Béla,+36934822023,béla.németh@example.com,Székesfehérvár,9nh3t3l,F2PnbK(bQ,134,130,130
Szabó Péter,+36129998157,péter.szabó@example.com,Budapest,026é98,y*vQUv&x+,135,131,131
Molnár János,+36247728995,jános.molnár@example.com,Miskolc,15rnlmo,!*Za+j(l2,136,132,132
Molnár László,+36373582517,lászló.molnár@example.com,Miskolc,á37ós2,XVAN0u#bSn28,137,133,133
Kovács Andrea,+36956184009,andrea.kovács@example.com,Debrecen,5nnvav1,0RO71)blgM),138,134,134
Kiss Gábor,+36407268484,gábor.kiss@example.com,Debrecen,0b885,c(WfIQ3z,139,135,135
Varga Andrea,+36351098490,andrea.varga@example.com,Miskolc,6ra6ga,ufiS4qnN,140,136,136
Kovács Gábor,+36304585503,gábor.kovács@example.com,Pécs,soágá4g,NJ2pzF4+rx=,141,137,137
Horváth Gábor,+36323719531,gábor.horváth@example.com,Szombathely,h3b1h14,_fr5YZxM,142,138,138
Tóth Katalin,+36383237094,katalin.tóth@example.com,Győr,l4t6i7,rX-ZsvUT4%,143,139,139
Kiss Péter,+36649625622,péter.kiss@example.com,Szeged,59r138,1dEckU)Stl,144,140,140
Kiss Andrea,+36351853653,andrea.kiss@example.com,Budapest,2assaa,x*gi@N^U5,145,141,141
Horváth László,+36813115724,lászló.horváth@example.com,Kecskemét,lháláó5,A%tnu7TK=,146,142,142
Németh Béla,+36682524410,béla.németh@example.com,Debrecen,70é730,)2X$cJQ(4e%,147,143,143
Kiss László,+36475341002,lászló.kiss@example.com,Pécs,s094ó3,%Y=McBVZ,148,144,144
Nagy Béla,+36432134280,béla.nagy@example.com,Miskolc,g517373,!g^twAKh4#Xh,149,145,145
Németh Péter,+36381891614,péter.németh@example.com,Miskolc,t6p086t,491YHkB&-hG,150,146,146
Kovács János,+36938616773,jános.kovács@example.com,Miskolc,5á0s8,bXpi_exoMHy8,151,147,147
Kovács László,+36201469301,lászló.kovács@example.com,Győr,9l3óksá,WkERQmpB@GKp,152,148,148
Kiss Andrea,+36688673366,andrea.kiss@example.com,Budapest,eks147,I$nOw@z3,153,149,149
Nagy Andrea,+36645076129,andrea.nagy@example.com,Szeged,25e30,)tPSxnloK,154,150,150
Nagy János,+36935496061,jános.nagy@example.com,Székesfehérvár,ája10,ykh6wKdGzWY,155,151,151
Szabó Mária,+36847246319,mária.szabó@example.com,Győr,m8r2i0,ObDUkBl&,156,152,152
Nagy János,+36972040048,jános.nagy@example.com,Pécs,2g89as2,hj=V_=Ce,157,153,153
Molnár Katalin,+36065445290,katalin.molnár@example.com,Kecskemét,4138r,vx%U1CAVhj#y,158,154,154
Molnár Katalin,+36165422558,katalin.molnár@example.com,Győr,94k3n,6bThmlheVT,159,155,155
Horváth Zsuzsanna,+36700282928,zsuzsanna.horváth@example.com,Szombathely,9v6ss,2^e9@7-FSwQM,160,156,156
Szabó Péter,+36966409325,péter.szabó@example.com,Szombathely,30aea5b,kn3@2xTo!ruF,161,157,157
Kiss László,+36948403751,lászló.kiss@example.com,Miskolc,520l7,rOB%Pq!)srp,162,158,158
Kiss János,+36600773246,jános.kiss@example.com,Győr,2ss4s,Il$cyp^iF,163,159,159
Kovács Andrea,+36094619139,andrea.kovács@example.com,Győr,arnn2,(0eXeRbWeXr,164,160,160
Németh Mária,+36798810750,mária.németh@example.com,Miskolc,a891tée,qwREqHL9R,165,161,161
Szabó Mária,+36308217488,mária.szabó@example.com,Székesfehérvár,ó99a4,6^MZ)Zs%z7AI,166,162,162
Tóth Zsuzsanna,+36212465840,zsuzsanna.tóth@example.com,Debrecen,aatn1n8,L+&W(ecf^T,167,163,163
Horváth Zsuzsanna,+36986281415,zsuzsanna.horváth@example.com,Kecskemét,2t5un7á,hl#71kdKV4,168,164,164
Tóth László,+36231561359,lászló.tóth@example.com,Székesfehérvár,tá4llhó,yd1zHixk2@s,169,165,165
Nagy Péter,+36463147879,péter.nagy@example.com,Székesfehérvár,at978,m=@hf9T#(4,170,166,166
Szabó Andrea,+36312187936,andrea.szabó@example.com,Miskolc,azdda,uaXE3wCFM,171,167,167
Nagy Gábor,+36338163238,gábor.nagy@example.com,Kecskemét,a28g44,#pbDlfCmI,172,168,168
Szabó Péter,+36426170207,péter.szabó@example.com,Miskolc,26bép,HGBgfT*&9,173,169,169
Németh Mária,+36944501882,mária.németh@example.com,Szeged,2h7ai,C(4n!$R%0*FH,174,170,170
Nagy Péter,+36657135635,péter.nagy@example.com,Budapest,39tg24,gzFhDRm=,175,171,171
Horváth Katalin,+36729917709,katalin.horváth@example.com,Budapest,á1k03n,PMh+IH*6f!,176,172,172
Varga Mária,+36203103797,mária.varga@example.com,Kecskemét,iv9ra,@wk*+=GE7m7A,177,173,173
Szabó Mária,+36389962165,mária.szabó@example.com,Szombathely,85m94a7,zjy_KNOK+y,178,174,174
Varga László,+36966068840,lászló.varga@example.com,Győr,a9ll4,tlBEuqt8zb,179,175,175
Kovács László,+36112700734,lászló.kovács@example.com,Szombathely,352768,r^o2sXTq,180,176,176
Németh László,+36022236677,lászló.németh@example.com,Miskolc,n6500zz,TR95!r5ig*Rh,181,177,177
Varga Gábor,+36098589970,gábor.varga@example.com,Budapest,r9oa1g3,YRuuUb4Z,182,178,178
Varga Zsuzsanna,+36739411890,zsuzsanna.varga@example.com,Budapest,ss2s70,(FcZz)xd,183,179,179
Szabó László,+36911738549,lászló.szabó@example.com,Kecskemét,7z14á,KAMUKWWi*P,184,180,180
Varga Péter,+36247366293,péter.varga@example.com,Pécs,r23r46r,Ww+ufNXDQK,185,181,181
Szabó Péter,+36809679257,péter.szabó@example.com,Miskolc,ó3sze,plW7FAzi,186,182,182
Németh Andrea,+36624924745,andrea.németh@example.com,Szeged,éaén70,zekuc+9d,187,183,183
Kiss Gábor,+36960395118,gábor.kiss@example.com,Pécs,r0s630,y8v-&FD+eny,188,184,184
Kiss Katalin,+36166017892,katalin.kiss@example.com,Győr,488a8,zaRUERFu_Kb=,189,185,185
Molnár Katalin,+36789073931,katalin.molnár@example.com,Budapest,065r85,iy6S#@zp9N,190,186,186
Németh Andrea,+36445469933,andrea.németh@example.com,Debrecen,at00eé,$3AX2UaW,191,187,187
Kovács Zsuzsanna,+36355125971,zsuzsanna.kovács@example.com,Kecskemét,4272á,X^s8rbpZ,192,188,188
Nagy László,+36366943588,lászló.nagy@example.com,Kecskemét,53lg8,$8rbuyyGo$h),193,189,189
Horváth Gábor,+36735071244,gábor.horváth@example.com,Budapest,1rt86,(IiW=9th+,194,190,190
Szabó János,+36565110310,jános.szabó@example.com,Budapest,j4s750,HRH0yVdPLT5A,195,191,191
Kiss Katalin,+36911140068,katalin.kiss@example.com,Székesfehérvár,ki9a2k3,ucV+W93b%5,196,192,192
Németh Béla,+36407280805,béla.németh@example.com,Budapest,bn8mtte,w_cY6l9X,197,193,193
Németh Mária,+36298173706,mária.németh@example.com,Budapest,8áe4m,lbIDwYCg),198,194,194
Tóth Zsuzsanna,+36130197647,zsuzsanna.tóth@example.com,Székesfehérvár,t7utó0,8vl)L41mch),199,195,195
Nagy Péter,+36753266931,péter.nagy@example.com,Székesfehérvár,n8ég86,lyfpPEI8p,200,196,196
Tóth Péter,+36481933479,péter.tóth@example.com,Debrecen,8ét6ó,Le@WuOf@5h,201,197,197
Tóth Katalin,+36121989031,katalin.tóth@example.com,Szombathely,2nt15t1,NAH=DN7mEy$!,202,198,198
Tóth Mária,+36864560280,mária.tóth@example.com,Szombathely,1rt95a,8wC#Z4oGR8d,203,199,199
Nagy Béla,+36402983487,béla.nagy@example.com,Székesfehérvár,a49170a,^OLl^fYZd6P,204,200,200
Kiss Péter,+36417756641,péter.kiss@example.com,Székesfehérvár,2i50ké,e-O54!0F,205,201,201
Molnár László,+36907810018,lászló.molnár@example.com,Pécs,91164lo,^kUhm7YD,206,202,202
Kovács Péter,+36008105349,péter.kovács@example.com,Debrecen,4scr3,yB5IKWE7+vx,207,203,203
Varga János,+36281044974,jános.varga@example.com,Kecskemét,sn6ja5,yw6dVUtJeLc,208,204,204
Nagy Katalin,+36616028335,katalin.nagy@example.com,Szeged,9003a8,OKBhzSJQ^B,209,205,205
Kovács Andrea,+36365041789,andrea.kovács@example.com,Kecskemét,v3o9357,5l@W4xWZS,210,206,206
Molnár Zsuzsanna,+36783539583,zsuzsanna.molnár@example.com,Budapest,880z149,Fo&0sy2zp1F-,211,207,207
Nagy János,+36683964567,jános.nagy@example.com,Szombathely,sonojy,NKo^f)(+j^^y,212,208,208
Molnár Péter,+36163328614,péter.molnár@example.com,Szombathely,nt0241o,!9XeeRbYZ,213,209,209
Varga Katalin,+36047200873,katalin.varga@example.com,Szeged,a8aar05,KE1D9LKZ,214,210,210
Németh Mária,+36558841158,mária.németh@example.com,Szombathely,eman79é,)6I3adwT&,215,211,211
Molnár Mária,+36532613732,mária.molnár@example.com,Debrecen,9miro,bCZbCwsOz,216,212,212
Szabó János,+36640760042,jános.szabó@example.com,Győr,ó78n32z,&v#SM6HMCO,217,213,213
Németh Gábor,+36844173227,gábor.németh@example.com,Szombathely,61hhtr2,Srvc*Z12hm%9,218,214,214
Németh Béla,+36808619397,béla.németh@example.com,Pécs,be6m9m,Fqr2MJ7mU&H_,219,215,215
Molnár Gábor,+36440622239,gábor.molnár@example.com,Pécs,0áomnr,=b+I)7I=iz,220,216,216
Szabó Andrea,+36443304134,andrea.szabó@example.com,Győr,6ra5z8b,r!33PMNCJ6N,221,217,217
Molnár Péter,+36398577644,péter.molnár@example.com,Székesfehérvár,á39to,gwTODpIr*pA,222,218,218
Németh Zsuzsanna,+36116829630,zsuzsanna.németh@example.com,Budapest,45t2nz,s(rDD7F&,223,219,219
Horváth Béla,+36891044483,béla.horváth@example.com,Miskolc,áo32lah,LxA=kmN1#A,224,220,220
Kovács János,+36954045597,jános.kovács@example.com,Debrecen,o6s0447,9Bh3u4cL1z1F,225,221,221
Nagy Gábor,+36567201794,gábor.nagy@example.com,Győr,909á26,e^3B@TVN!,226,222,222
Szabó Béla,+36072416042,béla.szabó@example.com,Szeged,3l2aa,gqtyzi9V^no,227,223,223
Molnár Béla,+36717390023,béla.molnár@example.com,Győr,37n46,4)xeO_Tju_,228,224,224
Horváth Béla,+36220595320,béla.horváth@example.com,Miskolc,2tv7568,6$s#Jc&)^Pe,229,225,225
Szabó Zsuzsanna,+36099603175,zsuzsanna.szabó@example.com,Szeged,s4nznun,9S5&jDLzN48,230,226,226
Horváth Zsuzsanna,+36733726355,zsuzsanna.horváth@example.com,Miskolc,94n4a5n,*X@kop*gu$,231,227,227
Szabó Péter,+36405189968,péter.szabó@example.com,Miskolc,e07p2t0,#fusx7D&^12E,232,228,228
Varga Mária,+36369992429,mária.varga@example.com,Székesfehérvár,v97799m,Z2zb)Lx!I5,233,229,229
Nagy Zsuzsanna,+36907658398,zsuzsanna.nagy@example.com,Székesfehérvár,a6snnsn,TAb89fx0Fm,234,230,230
Varga János,+36197440995,jános.varga@example.com,Szombathely,vnrg97a,OY$@T3*NJ%,235,231,231
Kiss Béla,+36414660728,béla.kiss@example.com,Pécs,671s1,lreB1r(doBhG,236,232,232
Tóth Péter,+36754867966,péter.tóth@example.com,Szombathely,tre1p,sCdwytF9N(s,237,233,233
Szabó Péter,+36538560827,péter.szabó@example.com,Miskolc,ót6ó5r8,K*mHxBomO,238,234,234
Nagy Zsuzsanna,+36319912688,zsuzsanna.nagy@example.com,Kecskemét,nan906,XSC+Z#E#,239,235,235
Horváth Katalin,+36838892033,katalin.horváth@example.com,Székesfehérvár,h5thaoa,Im5CBLXw7TJ,240,236,236
Molnár Zsuzsanna,+36448853460,zsuzsanna.molnár@example.com,Budapest,5suoa1,I_Np!xtlIaB,241,237,237
Kovács Katalin,+36001621479,katalin.kovács@example.com,Kecskemét,taáii,8h5p&$Ga=,242,238,238
Szabó Béla,+36511313775,béla.szabó@example.com,Miskolc,ss636a7,xZYn^I8vkYop,243,239,239
Tóth Péter,+36183398494,péter.tóth@example.com,Debrecen,th4é27é,LHg197W!6dJ,244,240,240
Kiss Mária,+36577619705,mária.kiss@example.com,Szombathely,36kis71,7#D8YK^7r,245,241,241
Varga Mária,+36483233715,mária.varga@example.com,Kecskemét,6am4m0,LdKgXEzUB,246,242,242
Kiss János,+36543228844,jános.kiss@example.com,Győr,k9jsk,KQ2lmu(+J,247,243,243
Tóth Béla,+36256846714,béla.tóth@example.com,Miskolc,ó52h9,@#^0l=f)Al,248,244,244
Varga Katalin,+36151004182,katalin.varga@example.com,Budapest,84rl0a,HMmkOul#hG,249,245,245
Nagy László,+36339773234,lászló.nagy@example.com,Pécs,2g8góz,2S4&nDB!L,250,246,246
Varga János,+36559517885,jános.varga@example.com,Győr,2r30j01,y+OH+pzvlbNc,251,247,247
Németh László,+36033419649,lászló.németh@example.com,Győr,841ósn9,T6dKyEH8T3_c,252,248,248
Németh László,+36065700561,lászló.németh@example.com,Budapest,23l37,&lwBq318,253,249,249
Kiss Péter,+36497835291,péter.kiss@example.com,Kecskemét,2i3kké,$xaC6Wm),254,250,250
Szabó Béla,+36185942662,béla.szabó@example.com,Debrecen,687éól,8QM!rw)OeB!Q,255,251,251
Szabó Katalin,+36818272611,katalin.szabó@example.com,Miskolc,1aas4al,inuI7NXb,256,252,252
Németh Katalin,+36401646471,katalin.németh@example.com,Debrecen,6e5éh,AQSY0J*oH,257,253,253
Varga Zsuzsanna,+36388134939,zsuzsanna.varga@example.com,Debrecen,aaaaauz,rG1VM1FDNuv(,258,254,254
Varga László,+36422423609,lászló.varga@example.com,Székesfehérvár,a1a2ls,td=@v$z1T,259,255,255
Horváth Andrea,+36640146816,andrea.horváth@example.com,Pécs,9312a,4Ksq@BLU0,260,256,256
Kiss János,+36538069909,jános.kiss@example.com,Pécs,3s8sion,ZdVk0bmyigO,261,257,257
Horváth Zsuzsanna,+36735643107,zsuzsanna.horváth@example.com,Szombathely,ráá76s,3Nh)iHCMSj,262,258,258
Németh Zsuzsanna,+36999576942,zsuzsanna.németh@example.com,Kecskemét,ha0e00,lyk%C)cS$!,263,259,259
Nagy László,+36871472182,lászló.nagy@example.com,Kecskemét,yl451,ojdf+2ek,264,260,260
Horváth László,+36423260023,lászló.horváth@example.com,Pécs,1l8óot,TaXlTgpR5-,265,261,261
Molnár László,+36834287810,lászló.molnár@example.com,Székesfehérvár,853sá0,r0MJ^17a2u,266,262,262
Nagy Katalin,+36000710686,katalin.nagy@example.com,Pécs,084yia1,Gls1UxM_(wu,267,263,263
Nagy Gábor,+36726330281,gábor.nagy@example.com,Győr,4nb2a00,6tx+zm42Ggh,268,264,264
Kiss János,+36942337583,jános.kiss@example.com,Szombathely,os68á,SmNuj&==,269,265,265
Kiss Béla,+36979919962,béla.kiss@example.com,Kecskemét,219ia09,MxWZywzguBVM,270,266,266
Nagy Mária,+36526956635,mária.nagy@example.com,Miskolc,77ag0a2,L$eng7Hz,271,267,267
Szabó Zsuzsanna,+36469791759,zsuzsanna.szabó@example.com,Kecskemét,zaa0n,uQ2!Tuxh*gKJ,272,268,268
Varga Gábor,+36932432926,gábor.varga@example.com,Miskolc,gab61,e(7eV#gTOQ,273,269,269
Nagy Gábor,+36156853261,gábor.nagy@example.com,Budapest,3gá88,6*z&eIc6D=T,274,270,270
Kovács László,+36320283304,lászló.kovács@example.com,Miskolc,o5á38,sOjp=yH3zAA&,275,271,271
Nagy Katalin,+36486582117,katalin.nagy@example.com,Pécs,938llk,ywoNOZwu,276,272,272
Kovács Béla,+36602066835,béla.kovács@example.com,Szombathely,é531l,OjQG^ODMj4X#,277,273,273
Horváth Andrea,+36530750495,andrea.horváth@example.com,Pécs,r9h9hh,k4thN65Alh,278,274,274
Molnár Andrea,+36241321394,andrea.molnár@example.com,Székesfehérvár,0d4nmr,3=J2hYP!,279,275,275
Horváth Gábor,+36971981538,gábor.horváth@example.com,Szombathely,0v7ooo,E-DD)yAFoa),280,276,276
Németh Andrea,+36715904031,andrea.németh@example.com,Pécs,69mh4t,A2OpJI!*ZX,281,277,277
Németh Péter,+36024771119,péter.németh@example.com,Szombathely,hn4461t,b=K=xSE0Y,282,278,278
Kiss János,+36018485815,jános.kiss@example.com,Szombathely,91ss1,_DQIa+9Sj,283,279,279
Szabó Gábor,+36251903193,gábor.szabó@example.com,Miskolc,3á65zo,%D70#sVyoy,284,280,280
Varga Péter,+36861814075,péter.varga@example.com,Győr,62év3,sY)Hk&4s00,285,281,281
Tóth Zsuzsanna,+36319237019,zsuzsanna.tóth@example.com,Budapest,z842z6s,$A()JxDjvOyk,286,282,282
Molnár Péter,+36356585553,péter.molnár@example.com,Szombathely,06ln2,C*=w)j7PHHa,287,283,283
Tóth Gábor,+36863415532,gábor.tóth@example.com,Szombathely,51bt9tt,GzB^qfMB,288,284,284
Varga Katalin,+36110785496,katalin.varga@example.com,Győr,r6i9a,SGjt$JbC,289,285,285
Nagy Gábor,+36919478046,gábor.nagy@example.com,Székesfehérvár,ng42r,G3ju#LF9ofO_,290,286,286
Szabó Béla,+36055108092,béla.szabó@example.com,Szombathely,5s35b5,pl4n3xbW,291,287,287
Tóth László,+36307657803,lászló.tóth@example.com,Székesfehérvár,2l757l,z@v(K0IL,292,288,288
Varga Béla,+36866106273,béla.varga@example.com,Székesfehérvár,b2r0v,6oPE3)e5eCe,293,289,289
Kovács János,+36084644048,jános.kovács@example.com,Pécs,8v6k0k3,S=Y+#G3Q5,294,290,290
Tóth Andrea,+36835937539,andrea.tóth@example.com,Kecskemét,t5d1a4,x6LzI^ia++NJ,295,291,291
Tóth László,+36869669994,lászló.tóth@example.com,Debrecen,0847á01,&uT+UrBNp%,296,292,292
Horváth Katalin,+36445119310,katalin.horváth@example.com,Kecskemét,r2to74,dsRY4DQ_%&,297,293,293
Molnár László,+36754550656,lászló.molnár@example.com,Miskolc,1l780,%s_5EK2=*U,298,294,294
Nagy Zsuzsanna,+36471566465,zsuzsanna.nagy@example.com,Szeged,092sa,qHRLi*O4r%j$,299,295,295
Kovács Andrea,+36712587887,andrea.kovács@example.com,Győr,47eo1dd,GQYx#6bZ*rcf,300,296,296
Nagy Péter,+36578898501,péter.nagy@example.com,Kecskemét,0an9t,q@IE99L0F,301,297,297
Kovács Béla,+36709266448,béla.kovács@example.com,Pécs,8s04a,vWfA99cz,302,298,298
Kovács Béla,+36692842642,béla.kovács@example.com,Székesfehérvár,8bá1a,JQfnZ2tb,303,299,299
Szabó Gábor,+36714910954,gábor.szabó@example.com,Kecskemét,91350z1,a7UwJguM0BZ,304,300,300
Molnár Péter,+36959442851,péter.molnár@example.com,Szeged,tá9e0oo,rAiZBr*T*,305,301,301
Kiss Gábor,+36779448284,gábor.kiss@example.com,Szombathely,á2so0o1,+D3C^0Hbh,306,302,302
Nagy Béla,+36115246358,béla.nagy@example.com,Székesfehérvár,n6ayl0,)eOx$%coZ+zP,307,303,303
Szabó Péter,+36429304715,péter.szabó@example.com,Miskolc,4eb58,)CarHQVP73Uz,308,304,304
Szabó János,+36072688515,jános.szabó@example.com,Miskolc,o979nb,bndeepuT,309,305,305
Varga János,+36291799204,jános.varga@example.com,Kecskemét,avva1a,N&pnqXcYIJ0,310,306,306
Kiss János,+36848027806,jános.kiss@example.com,Szombathely,9koj9n,E%Uw1Wf^2^,311,307,307
Németh Gábor,+36242259570,gábor.németh@example.com,Miskolc,6áogtm7,0+EtY)S$),312,308,308
Szabó János,+36987988774,jános.szabó@example.com,Szeged,9n0zs3,ZQ=TFX7Tk(kV,313,309,309
Németh Zsuzsanna,+36244075853,zsuzsanna.németh@example.com,Miskolc,hns88,zd)o2vXv#-S,314,310,310
Kovács László,+36015258009,lászló.kovács@example.com,Pécs,o5z040,IA7!LLnM*)N,315,311,311
Horváth Andrea,+36827552117,andrea.horváth@example.com,Szombathely,8vvvrte,VC9QtHGWaRTk,316,312,312
Tóth Mária,+36124704203,mária.tóth@example.com,Debrecen,2tóa131,6@Yo3W@yYs@,317,313,313
Varga Béla,+36046201127,béla.varga@example.com,Miskolc,vaa7b,-yf=3i+56me(,318,314,314
Nagy János,+36795418907,jános.nagy@example.com,Szeged,y502á,S2bNhQdK,319,315,315
Nagy Béla,+36121329386,béla.nagy@example.com,Szeged,4b1a9,koLst^BB8DS,320,316,316
Kovács Béla,+36079160355,béla.kovács@example.com,Miskolc,lsk9l,lX5Xv&3mo,321,317,317
Németh Katalin,+36608899270,katalin.németh@example.com,Debrecen,at2ktt,5fqQkI%G-Q,322,318,318
Kovács Katalin,+36082058203,katalin.kovács@example.com,Miskolc,tcl12,Njm$=Dwe&,323,319,319
Kovács Andrea,+36471818727,andrea.kovács@example.com,Kecskemét,4a8aá,8rLtWPV%@,324,320,320
Kiss Zsuzsanna,+36882948870,zsuzsanna.kiss@example.com,Miskolc,0s0au,9MkNzuVe,325,321,321
Varga László,+36550642152,lászló.varga@example.com,Győr,57ó8093,Scr7DhH9,326,322,322
Kovács László,+36928732288,lászló.kovács@example.com,Budapest,ósá226c,hK)2)i_isx,327,323,323
Németh Zsuzsanna,+36166530497,zsuzsanna.németh@example.com,Kecskemét,n9e3s0,w3l0@dyqRe,328,324,324
Horváth László,+36312370624,lászló.horváth@example.com,Székesfehérvár,hó2s12l,rDzL(R5^AG@e,329,325,325
Kiss Gábor,+36200279449,gábor.kiss@example.com,Debrecen,91rr0k5,#%s)bXwv(w,330,326,326
Kiss Mária,+36883890149,mária.kiss@example.com,Győr,9mma4sm,PgwwCm#*,331,327,327
Tóth János,+36652195393,jános.tóth@example.com,Miskolc,30238ó5,Tj24OF@%u,332,328,328
Horváth Gábor,+36362143745,gábor.horváth@example.com,Kecskemét,7r74o,_fvr1A*L1cO,333,329,329
Tóth Zsuzsanna,+36602145637,zsuzsanna.tóth@example.com,Szombathely,tztt2n,2gzcb!1x,334,330,330
Horváth Katalin,+36366591826,katalin.horváth@example.com,Szeged,t3a6t,Ymv567Bch*,335,331,331
Kovács Béla,+36476795003,béla.kovács@example.com,Debrecen,1as54,TTfrwo*(2,336,332,332
Nagy Andrea,+36470808321,andrea.nagy@example.com,Debrecen,65dy5nn,v8oIay^LOP,337,333,333
Tóth Gábor,+36323018580,gábor.tóth@example.com,Debrecen,t38á5,Ou=z^+jng,338,334,334
Kiss Zsuzsanna,+36819792953,zsuzsanna.kiss@example.com,Miskolc,s9ns2,3(MB)uj0uq,339,335,335
Varga Péter,+36752253864,péter.varga@example.com,Budapest,5a8v59,O(^JObd14Bd,340,336,336
Molnár Béla,+36360268985,béla.molnár@example.com,Kecskemét,r330á5,o4_93@AEP@,341,337,337
Tóth Zsuzsanna,+36140396424,zsuzsanna.tóth@example.com,Miskolc,8a5s3,4FVIV^%ti,342,338,338
Tóth Gábor,+36039502440,gábor.tóth@example.com,Debrecen,t8g6hg1,Zt$-Ms5e,343,339,339
Varga Gábor,+36662395037,gábor.varga@example.com,Budapest,r5v45v0,f@pBSb&5(+j!,344,340,340
Szabó Katalin,+36719620283,katalin.szabó@example.com,Miskolc,inabi,$gCbG_u!4QK*,345,341,341
Szabó Péter,+36652914105,péter.szabó@example.com,Budapest,z0ap7,(n$e3Bot0Y,346,342,342
Molnár Péter,+36553607703,péter.molnár@example.com,Miskolc,e4rte,^Jhun^jJr,347,343,343
Varga Béla,+36228346849,béla.varga@example.com,Székesfehérvár,a6aga0,#2Vjf54qjRmd,348,344,344
Varga Mária,+36384629204,mária.varga@example.com,Pécs,036105,Fb1Jef!=,349,345,345
Molnár Katalin,+36860264582,katalin.molnár@example.com,Székesfehérvár,n6onl3,CaQoRaba#2,350,346,346
Tóth János,+36962380191,jános.tóth@example.com,Kecskemét,1osn3,0(S&bx&Z,351,347,347
Tóth Mária,+36194832965,mária.tóth@example.com,Debrecen,20itm,Ngr2GS8v8yz,352,348,348
Németh Andrea,+36857090433,andrea.németh@example.com,Kecskemét,t3m8ad0,ru7L%)X%,353,349,349
Németh László,+36480869574,lászló.németh@example.com,Budapest,949mz,WSyh9#9d#g,354,350,350
Varga Gábor,+36872139104,gábor.varga@example.com,Debrecen,r1á20,+jR9ElxZB&_1,355,351,351
Horváth Andrea,+36116862251,andrea.horváth@example.com,Győr,a5rr71,TlWSJ07D7F,356,352,352
Kiss János,+36092329496,jános.kiss@example.com,Miskolc,748o848,u%&V@gIuXXM,357,353,353
Molnár Andrea,+36430587310,andrea.molnár@example.com,Kecskemét,74rd11,ssoc+qit)U,358,354,354
Nagy Zsuzsanna,+36591516029,zsuzsanna.nagy@example.com,Miskolc,aaaun1s,2@&Qiagm6e$,359,355,355
Molnár Béla,+36426996104,béla.molnár@example.com,Pécs,4ám82lb,$qN8(5a*,360,356,356
Németh Gábor,+36191633392,gábor.németh@example.com,Szeged,47tt89,xY@Al3Ht,361,357,357
Németh János,+36648251200,jános.németh@example.com,Szombathely,o9tá0n3,Y9Yf@2sIs,362,358,358
Szabó Péter,+36653885363,péter.szabó@example.com,Szombathely,p15tp,SCapXLl@j,363,359,359
Varga Zsuzsanna,+36909358496,zsuzsanna.varga@example.com,Székesfehérvár,az2u0a,HuA=Px5EuH,364,360,360
Kiss Béla,+36739366460,béla.kiss@example.com,Pécs,a46054,B=u6@gaMhd_,365,361,361
Molnár Gábor,+36652763203,gábor.molnár@example.com,Budapest,n2r019,X7rHNncd+DxS,366,362,362
Nagy László,+36077607093,lászló.nagy@example.com,Debrecen,áázls8z,bO9x&Mb%xJc,367,363,363
Kiss Katalin,+36818330718,katalin.kiss@example.com,Miskolc,sa65kn,DvBpIBzTilZy,368,364,364
Nagy Andrea,+36282530928,andrea.nagy@example.com,Szombathely,n5any2,Uwclgt7*k4gS,369,365,365
Németh László,+36166176935,lászló.németh@example.com,Kecskemét,lát446n,umQ)BPtP2o,370,366,366
Molnár Péter,+36826284186,péter.molnár@example.com,Pécs,3t2méá2,UR90woH35,371,367,367
Molnár Gábor,+36646320352,gábor.molnár@example.com,Kecskemét,5áro56n,&)thOQ#S,372,368,368
Kiss János,+36095041460,jános.kiss@example.com,Budapest,1á2k9s3,utHC*q1V4CWg,373,369,369
Horváth Andrea,+36794552901,andrea.horváth@example.com,Pécs,135v6a6,zuQtFtnT6#jb,374,370,370
Szabó László,+36807907603,lászló.szabó@example.com,Székesfehérvár,3ó4z6z,Oc69FVBgz,375,371,371
Kiss Mária,+36234397088,mária.kiss@example.com,Pécs,káai688,HVtE$J6FWMBK,376,372,372
Varga Béla,+36229742154,béla.varga@example.com,Debrecen,a7éb8,PEfy=g9Nr9,377,373,373
Varga Gábor,+36382829930,gábor.varga@example.com,Miskolc,b324aga,pa7MZWhOtg,378,374,374
Nagy Andrea,+36596153672,andrea.nagy@example.com,Budapest,nea78a,RS7cP=OgDbY,379,375,375
Nagy Katalin,+36388321269,katalin.nagy@example.com,Debrecen,9a1layy,n$$eM7YT#yH4,380,376,376
Kovács Andrea,+36549927689,andrea.kovács@example.com,Budapest,kv1no,x+8BZf6@4S,381,377,377
Nagy Péter,+36880284152,péter.nagy@example.com,Budapest,0t072t,a_)s(%U3C),382,378,378
Kovács Zsuzsanna,+36185202021,zsuzsanna.kovács@example.com,Szeged,nn57aaa,vWMG*1fP,383,379,379
Kovács Zsuzsanna,+36258022123,zsuzsanna.kovács@example.com,Székesfehérvár,1s7oooz,0k@rtfF3Ql3#,384,380,380
Nagy Zsuzsanna,+36390634371,zsuzsanna.nagy@example.com,Budapest,n6nn1,Upd_7C@Ojw(,385,381,381
Szabó Béla,+36420844691,béla.szabó@example.com,Debrecen,l1l7362,1QdbKUyT=jP,386,382,382
Kovács László,+36346901253,lászló.kovács@example.com,Miskolc,szsv7,!&QE&bY+k,387,383,383
Szabó Béla,+36639305220,béla.szabó@example.com,Debrecen,91z298a,(j9U1mZGm,388,384,384
Németh Zsuzsanna,+36232951553,zsuzsanna.németh@example.com,Pécs,07tn5,ayD))u7=%=-p,389,385,385
Kiss László,+36595295186,lászló.kiss@example.com,Székesfehérvár,45z7l6k,JAd9)NCYp,390,386,386
Szabó Béla,+36319176945,béla.szabó@example.com,Győr,4lblz8ó,+FcVxWwqXf,391,387,387
Kovács János,+36404909897,jános.kovács@example.com,Szombathely,s4js0,(gTDAt_SsP+,392,388,388
Tóth Katalin,+36794732214,katalin.tóth@example.com,Kecskemét,thi669n,wW%*P^U$,393,389,389
Varga Zsuzsanna,+36139127732,zsuzsanna.varga@example.com,Győr,1g1a000,p4**a^ff,394,390,390
Kovács Mária,+36384051354,mária.kovács@example.com,Budapest,aosá9á,B%AD4qG5,395,391,391
Tóth János,+36241906359,jános.tóth@example.com,Győr,67á752,+0iimp9uQ8&,396,392,392
Szabó László,+36271777763,lászló.szabó@example.com,Győr,a84só8s,Z5j)OdoSgs,397,393,393
Tóth László,+36429429384,lászló.tóth@example.com,Székesfehérvár,3zá24,om!Bd3NjpoEV,398,394,394
Szabó László,+36662205970,lászló.szabó@example.com,Szombathely,54asll1,4ki4=w!etKk,399,395,395
Németh Zsuzsanna,+36723278196,zsuzsanna.németh@example.com,Pécs,zsa63a4,DpGd*_SURp,400,396,396
Varga Katalin,+36874207080,katalin.varga@example.com,Debrecen,5vk50a7,G5kf^@5-Z,401,397,397
Szabó János,+36414273483,jános.szabó@example.com,Budapest,á93oá7,(h_V0sC@0Sq,402,398,398
Nagy Andrea,+36372048193,andrea.nagy@example.com,Szeged,949r5a5,g%h2sFGA_owq,403,399,399
Kovács Béla,+36829355111,béla.kovács@example.com,Győr,lkb1é,(LKTtX&tkb,404,400,400
Németh Mária,+36699311605,mária.németh@example.com,Szeged,m4i56,1lQxmnB8$7T,405,401,401
Kovács Mária,+36266028112,mária.kovács@example.com,Pécs,r6m07a,B$V6h(Kn,406,402,402
Varga László,+36639462639,lászló.varga@example.com,Debrecen,7al529,*Mps!1cRk,407,403,403
Varga Andrea,+36522053794,andrea.varga@example.com,Szombathely,6a061a4,_IxkH_IIm5R,408,404,404
Tóth Zsuzsanna,+36889449942,zsuzsanna.tóth@example.com,Debrecen,ós97u,7MVwqqtb=sp,409,405,405
Kiss Gábor,+36557336624,gábor.kiss@example.com,Miskolc,0s432,9wHtx-ZM,410,406,406
Németh Mária,+36599128739,mária.németh@example.com,Szombathely,48retm,aH*kmFb&86,411,407,407
Tóth Béla,+36259995658,béla.tóth@example.com,Pécs,5t9é04ó,xxGQ*W#qeXjX,412,408,408
Varga László,+36088911282,lászló.varga@example.com,Szeged,5l62278,x_&D47Nv7p+Y,413,409,409
Kiss Béla,+36726476504,béla.kiss@example.com,Budapest,27éss9,C8mHGzCH,414,410,410
Varga Zsuzsanna,+36532767221,zsuzsanna.varga@example.com,Debrecen,869r6,P$2fCnL!,415,411,411
Tóth Béla,+36015479722,béla.tóth@example.com,Pécs,ét17l0b,j*(u5m2I1wo,416,412,412
Németh Péter,+36886047110,péter.németh@example.com,Pécs,rm84étn,57EDW5A7Bqz,417,413,413
Kovács Andrea,+36904503195,andrea.kovács@example.com,Kecskemét,5aa3d2e,@mdQY^-DB^v,418,414,414
Tóth Mária,+36023334883,mária.tóth@example.com,Kecskemét,8ró2r43,izpUW@-7-@,419,415,415
Tóth Andrea,+36551229660,andrea.tóth@example.com,Győr,t506rna,TVw_0mTsHEB-,420,416,416
Kovács Péter,+36947495574,péter.kovács@example.com,Kecskemét,95pkr,ihd+xvR5L@n,421,417,417
Németh Béla,+36804812994,béla.németh@example.com,Budapest,5n8811l,Edod$!yd,422,418,418
Németh Katalin,+36631038630,katalin.németh@example.com,Debrecen,82ln9,-A7Mv2yo,423,419,419
Nagy Mária,+36662263006,mária.nagy@example.com,Szombathely,816rg30,uG(CNuOJQu1q,424,420,420
Varga Péter,+36829857639,péter.varga@example.com,Debrecen,tv937,&D(gC9SBu,425,421,421
Molnár Katalin,+36390229395,katalin.molnár@example.com,Miskolc,mn7t85a,#aUc$rT!DCBI,426,422,422
Molnár János,+36036103738,jános.molnár@example.com,Budapest,2máás,RRmfk3aDs,427,423,423
Kiss Péter,+36476296190,péter.kiss@example.com,Kecskemét,e6181té,)PoSZvJyfwr,428,424,424
Varga Mária,+36639762046,mária.varga@example.com,Miskolc,4r9a9,IkaII=d_v,429,425,425
Kovács Gábor,+36390630472,gábor.kovács@example.com,Pécs,á9o2áác,yDTIWXZlXP,430,426,426
Horváth János,+36699723303,jános.horváth@example.com,Győr,áor72,0O_+(ABP,431,427,427
Tóth Zsuzsanna,+36550906294,zsuzsanna.tóth@example.com,Debrecen,ata0za,DiR)l^VoS,432,428,428
Németh Mária,+36431900195,mária.németh@example.com,Budapest,r8mht,G*AFw)QRtSk,433,429,429
Horváth Zsuzsanna,+36726568745,zsuzsanna.horváth@example.com,Szombathely,u60n6s6,EwVU0cjH#F-,434,430,430
Németh János,+36391636954,jános.németh@example.com,Miskolc,5270á9t,#1#dM)OEBi,435,431,431
Molnár Zsuzsanna,+36049100962,zsuzsanna.molnár@example.com,Kecskemét,usrz9a,hht1IJEnFvS,436,432,432
Molnár Zsuzsanna,+36554565965,zsuzsanna.molnár@example.com,Székesfehérvár,anrá3,UaDDjNqJ4LT+,437,433,433
Szabó Katalin,+36283520780,katalin.szabó@example.com,Kecskemét,8tts0,zAN9h@whcoeP,438,434,434
Kovács Gábor,+36110205337,gábor.kovács@example.com,Kecskemét,vo2k76o,giR3m6NYW,439,435,435
Nagy Zsuzsanna,+36620187986,zsuzsanna.nagy@example.com,Debrecen,0n865,MC!pyejW,440,436,436
Tóth Andrea,+36092691199,andrea.tóth@example.com,Pécs,rnt973,Uw-9AYaCe,441,437,437
Nagy László,+36832149538,lászló.nagy@example.com,Győr,ó978s,@Pw*gyFp_,442,438,438
Nagy Péter,+36434419016,péter.nagy@example.com,Szombathely,552a6ér,%FYxEkxs0,443,439,439
Kovács Gábor,+36515785909,gábor.kovács@example.com,Pécs,06v2o46,nMMj3m0Sh,444,440,440
Molnár Katalin,+36777575907,katalin.molnár@example.com,Győr,á971n,tn2bL-lhUW-I,445,441,441
Nagy Péter,+36402719978,péter.nagy@example.com,Miskolc,atnp201,qGbAhbwgMz,446,442,442
Németh János,+36156910467,jános.németh@example.com,Szombathely,40éo6n,FQ_&t%YuQXzm,447,443,443
Szabó Zsuzsanna,+36486594547,zsuzsanna.szabó@example.com,Győr,zbua2,9t2)n)1c8*,448,444,444
Varga László,+36851228362,lászló.varga@example.com,Kecskemét,20v0óav,T5Xjc@o#,449,445,445
Varga László,+36468208206,lászló.varga@example.com,Budapest,21a2s,Uv9NZJeq&P4,450,446,446
Tóth Béla,+36602088220,béla.tóth@example.com,Pécs,2t613,mpHqW&Xw,451,447,447
Horváth Mária,+36817278274,mária.horváth@example.com,Szeged,62025o5,V)^Ng8_Cz,452,448,448
Horváth László,+36803132919,lászló.horváth@example.com,Budapest,r27áh9ó,b#qM2dy_xIvy,453,449,449
Varga Andrea,+36426364181,andrea.varga@example.com,Budapest,47a66e,hxW6oHq6U3,454,450,450
Varga László,+36293932785,lászló.varga@example.com,Miskolc,78ó8ra,ezvlnmI$V0h,455,451,451
Molnár Zsuzsanna,+36236830869,zsuzsanna.molnár@example.com,Pécs,nnázm6a,1DE)Y1@Yqcjz,456,452,452
Kiss László,+36779750986,lászló.kiss@example.com,Győr,lk63s1,AS7D&9v316UA,457,453,453
Szabó Mária,+36307670040,mária.szabó@example.com,Budapest,11388á,&sOGrL#4(,458,454,454
Németh Péter,+36864905152,péter.németh@example.com,Székesfehérvár,rth18é,-bkPk5rUN7M!,459,455,455
Kiss Mária,+36172480509,mária.kiss@example.com,Pécs,1smr4,uDOGcpew,460,456,456
Kovács János,+36233889300,jános.kovács@example.com,Szeged,kn2sá,jV_xx2sq=2,461,457,457
Molnár Gábor,+36284144680,gábor.molnár@example.com,Budapest,á5á42o,6t!Gqgu(oE,462,458,458
Tóth Béla,+36893561142,béla.tóth@example.com,Szeged,b6óóléa,hT$XnVFu,463,459,459
Kiss Andrea,+36795189325,andrea.kiss@example.com,Székesfehérvár,n908927,#y2+j*kEyT,464,460,460
Molnár Andrea,+36636592848,andrea.molnár@example.com,Szombathely,aal45l9,m$m*&G7fm,465,461,461
Horváth Katalin,+36177217072,katalin.horváth@example.com,Miskolc,tahál,qaV8vvj#pstV,466,462,462
Németh János,+36865313705,jános.németh@example.com,Kecskemét,85étm,s8z$k!CXI),467,463,463
Molnár László,+36408467092,lászló.molnár@example.com,Győr,3á0z8,QQpj-E#=fHna,468,464,464
Nagy Zsuzsanna,+36735277043,zsuzsanna.nagy@example.com,Szombathely,a7naz,2QONUNa2(eG,469,465,465
Németh Katalin,+36774386356,katalin.németh@example.com,Székesfehérvár,73t7la2,PzCT209GJ,470,466,466
Tóth János,+36743866675,jános.tóth@example.com,Debrecen,3ájónóh,C%3oV%6trI,471,467,467
Kiss Andrea,+36851583490,andrea.kiss@example.com,Szeged,2sra21,8V*TaOS!g#,472,468,468
Kiss János,+36602565697,jános.kiss@example.com,Szeged,os285,y(z4tQ1qGUa$,473,469,469
Kovács Béla,+36300646233,béla.kovács@example.com,Pécs,b501k3,GThuI^w^&yx,474,470,470
Kovács Mária,+36700952028,mária.kovács@example.com,Székesfehérvár,2skc91,PmZAEuJHf8c,475,471,471
Molnár Andrea,+36271116715,andrea.molnár@example.com,Pécs,e10n3,tVmIV8Mx^2(,476,472,472
Szabó Zsuzsanna,+36326180791,zsuzsanna.szabó@example.com,Pécs,san310a,l!Y0kUvNb,477,473,473
Szabó Mária,+36881371943,mária.szabó@example.com,Miskolc,mmaz7,q^TSA5&A)sKx,478,474,474
Molnár Béla,+36687482741,béla.molnár@example.com,Budapest,35á1é5,Z+JyLi+E#e)B,479,475,475
Nagy Béla,+36703925578,béla.nagy@example.com,Szeged,1yg457,e3g_N6f@oA,480,476,476
Szabó Katalin,+36076700948,katalin.szabó@example.com,Szombathely,4a375,7mtWmx_XN7b6,481,477,477
Nagy Béla,+36194772385,béla.nagy@example.com,Budapest,yn116,2D!II#ov,482,478,478
Kiss Mária,+36277189528,mária.kiss@example.com,Budapest,s2s7a60,kQH$2zD$(Z5,483,479,479
Molnár Péter,+36429326537,péter.molnár@example.com,Debrecen,58om5,SDF%!b0Tag@X,484,480,480
Kiss László,+36576443167,lászló.kiss@example.com,Miskolc,lk134l,7m*_3RfMonLZ,485,481,481
Nagy Zsuzsanna,+36421572680,zsuzsanna.nagy@example.com,Debrecen,asug1a,j_0SE66sGb,486,482,482
Kovács Katalin,+36664354590,katalin.kovács@example.com,Debrecen,ii3n4,!fdrp+7upj8,487,483,483
Molnár Béla,+36887557747,béla.molnár@example.com,Miskolc,ébonl,NvT9dBT+inst,488,484,484
Kiss Zsuzsanna,+36828032740,zsuzsanna.kiss@example.com,Szombathely,12s7052,QJPIR!+Wl,489,485,485
Tóth Béla,+36040754844,béla.tóth@example.com,Miskolc,5029t4,(1RxMsij#zi,490,486,486
Molnár Péter,+36390296707,péter.molnár@example.com,Debrecen,éé5977,Hph&Rz59*t,491,487,487
Németh Béla,+36220840765,béla.németh@example.com,Miskolc,508lh3m,enb^a7D0Ul,492,488,488
Szabó Béla,+36547415306,béla.szabó@example.com,Győr,é325alz,rL$NrjPdQk,493,489,489
Németh Béla,+36555563262,béla.németh@example.com,Kecskemét,tbn22,8lzef=oz6y,494,490,490
Horváth Péter,+36291546682,péter.horváth@example.com,Győr,05vá6tv,C1UAFufeFKk,495,491,491
Németh László,+36174219716,lászló.németh@example.com,Kecskemét,47á4ó,gn2SCZml-,496,492,492
Horváth Béla,+36847163338,béla.horváth@example.com,Szombathely,4v823bé,e5fboaz1#6,497,493,493
Horváth Béla,+36855557770,béla.horváth@example.com,Szeged,bv7á1v8,xLUUEXqLz,498,494,494
Molnár Andrea,+36861739989,andrea.molnár@example.com,Szombathely,5daán,owHY7Mts,499,495,495
Németh Béla,+36382859414,béla.németh@example.com,Szeged,t8a0h,6%4Hs$AtZV(9,500,496,496
Tóth Béla,+36154447734,béla.tóth@example.com,Győr,8aht24,G7D!gs#FYr,501,497,497
Horváth Andrea,+36912475871,andrea.horváth@example.com,Budapest,nh813,fuE^x1NK,502,498,498
Molnár Gábor,+36092979868,gábor.molnár@example.com,Budapest,809grr,L(9dz9D3cBz,503,499,499
Tóth Katalin,+36425452218,katalin.tóth@example.com,Győr,htlk8,zO+&#bdjGyjI,504,500,500
Németh Péter,+36704952800,péter.németh@example.com,Miskolc,e5133e8,PzPTRgv7,505,501,501
Kovács Katalin,+36660128555,katalin.kovács@example.com,Szombathely,91i9l,wN!pJRpaO,506,502,502
Szabó Péter,+36186054590,péter.szabó@example.com,Miskolc,z0a0óz1,FTQlJ2d4,507,503,503
Tóth Péter,+36847796335,péter.tóth@example.com,Pécs,63phé5,RSB@$q-YqzzX,508,504,504
Szabó Béla,+36420694951,béla.szabó@example.com,Győr,as0za3a,c(o0)xy)f#YH,509,505,505
Varga Péter,+36872660949,péter.varga@example.com,Pécs,45v644a,ueN$wPGh-GG,510,506,506
Tóth Mária,+36332579149,mária.tóth@example.com,Debrecen,mr1r3,ZLBJ^3d8,511,507,507
Varga Andrea,+36910965915,andrea.varga@example.com,Pécs,98e01,-!k@DLX)kA,512,508,508
Horváth Béla,+36759215411,béla.horváth@example.com,Székesfehérvár,10á611,j(F4d6OEkz,513,509,509
Molnár Zsuzsanna,+36402935657,zsuzsanna.molnár@example.com,Budapest,rnz5z,hH76EjY9+P1,514,510,510
Nagy Andrea,+36870847882,andrea.nagy@example.com,Szeged,a37da,c8Zxz=%yM,515,511,511
Kovács Zsuzsanna,+36320232782,zsuzsanna.kovács@example.com,Budapest,azsua6,sk_^mkM(WXvZ,516,512,512
Németh Péter,+36602028476,péter.németh@example.com,Debrecen,0r16t01,V!*dI8Xsn,517,513,513
Horváth Katalin,+36556310464,katalin.horváth@example.com,Győr,1h847,k7NN_nesG2,518,514,514
Németh László,+36155293525,lászló.németh@example.com,Miskolc,hlá4l,AL%imEJ=f1&8,519,515,515
Horváth Péter,+36597656449,péter.horváth@example.com,Miskolc,8956é,H)5*epjZkWdz,520,516,516
Varga Béla,+36501295678,béla.varga@example.com,Szombathely,81al53,S1lzRm1#^kD,521,517,517
Tóth Béla,+36821688865,béla.tóth@example.com,Szeged,h142h9t,X+a0f7wUU,522,518,518
Kovács Péter,+36170150617,péter.kovács@example.com,Debrecen,tp1ár,M1ulJiYT,523,519,519
Németh János,+36627438177,jános.németh@example.com,Pécs,1h0á5n,vQsR4PecI,524,520,520
Kovács Péter,+36228328318,péter.kovács@example.com,Szeged,4vs23t,RawEhyWAG,525,521,521
Németh Gábor,+36971204661,gábor.németh@example.com,Szombathely,b122o4,is%gQsi5q)2D,526,522,522
Tóth Péter,+36081841424,péter.tóth@example.com,Szeged,35ré2,mW3A)KlJNNMp,527,523,523
Kovács Katalin,+36020784548,katalin.kovács@example.com,Szeged,kila8,uJoQeh4do$S,528,524,524
Németh Béla,+36899820981,béla.németh@example.com,Kecskemét,t04ah0e,mFD=P$Wpm-,529,525,525
Tóth László,+36816837857,lászló.tóth@example.com,Győr,1h8s78,5gGQHDV5I,530,526,526
Szabó Béla,+36659147489,béla.szabó@example.com,Győr,a109b1l,X!8pn2-iP,531,527,527
Varga Gábor,+36982478471,gábor.varga@example.com,Székesfehérvár,ár5áa5,xgfrRf=O,532,528,528
Kiss Péter,+36863371837,péter.kiss@example.com,Győr,102k0tt,UY%ge+S(z,533,529,529
Molnár Katalin,+36550588224,katalin.molnár@example.com,Pécs,27t5a7,nbH4COx4k,534,530,530
Tóth Gábor,+36152683524,gábor.tóth@example.com,Kecskemét,t6á7á,p+Y#*2f5&H!G,535,531,531
Molnár Katalin,+36528161329,katalin.molnár@example.com,Győr,akka15o,W!AAu7eMyH,536,532,532
Molnár Mária,+36347170980,mária.molnár@example.com,Székesfehérvár,1m2o23,jOA4UibBk7u,537,533,533
Nagy Gábor,+36566305498,gábor.nagy@example.com,Pécs,áon724r,mja(=QdZ0,538,534,534
Varga János,+36628775170,jános.varga@example.com,Székesfehérvár,rjaas89,j1%h1IiJW,539,535,535
Horváth Béla,+36340427199,béla.horváth@example.com,Szombathely,éo6t97,v@Bzt(f#w6QY,540,536,536
Tóth Katalin,+36906083958,katalin.tóth@example.com,Szombathely,t0t1t72,6KgYTz-mu=P,541,537,537
Nagy Gábor,+36095251933,gábor.nagy@example.com,Szombathely,ro19011,XTndn!jpt-,542,538,538
Varga László,+36160792918,lászló.varga@example.com,Szombathely,1g7457,^uLMHYh8,543,539,539
Nagy Katalin,+36798184170,katalin.nagy@example.com,Miskolc,yg4yya,&)8hgMWT8p^7,544,540,540
Németh Zsuzsanna,+36820178071,zsuzsanna.németh@example.com,Győr,197ée05,Q&nC=+gXuoG,545,541,541
Varga Béla,+36928630325,béla.varga@example.com,Székesfehérvár,61vv9,X&_zgUR0,546,542,542
Varga László,+36127700620,lászló.varga@example.com,Győr,9sag9rá,Mg$1^2I66R,547,543,543
Tóth Andrea,+36956921517,andrea.tóth@example.com,Győr,adr8óeó,FQPp_q%v,548,544,544
Tóth Zsuzsanna,+36677737092,zsuzsanna.tóth@example.com,Székesfehérvár,st02za,L9EUigvv1,549,545,545
Tóth Béla,+36655537658,béla.tóth@example.com,Debrecen,12t43a6,OeWZn7)-_8,550,546,546
Molnár László,+36127780509,lászló.molnár@example.com,Győr,rnllm,5!T=KLSQY,551,547,547
Nagy Péter,+36046567230,péter.nagy@example.com,Miskolc,éep25t7,1_b^cxga0bb,552,548,548
Molnár Andrea,+36194394383,andrea.molnár@example.com,Debrecen,r37ar,DQ0pHd!0,553,549,549
Molnár Béla,+36876954781,béla.molnár@example.com,Debrecen,6láb7,MOoJpR3)iZ,554,550,550
Kovács Gábor,+36224797100,gábor.kovács@example.com,Budapest,áá8o5b,kR!mWovKFlMH,555,551,551
Németh László,+36860923059,lászló.németh@example.com,Székesfehérvár,lm2nl,jiSE@VB)u,556,552,552
Nagy János,+36194950514,jános.nagy@example.com,Székesfehérvár,45ys5,hyQBgUwESt,557,553,553
Kiss Katalin,+36487202366,katalin.kiss@example.com,Szeged,66948s,LA+2018!VqU,558,554,554
Tóth János,+36358395490,jános.tóth@example.com,Szeged,2t6o5,%Y@cJubO,559,555,555
Németh Péter,+36400176924,péter.németh@example.com,Pécs,18eée4r,N!gE1hyuB7kz,560,556,556
Németh Katalin,+36232542164,katalin.németh@example.com,Győr,0298é38,ADm8qVw*Z,561,557,557
Tóth Andrea,+36075771963,andrea.tóth@example.com,Győr,026ta9t,W2ZNuc*+W,562,558,558
Nagy Gábor,+36791042124,gábor.nagy@example.com,Kecskemét,424á814,dFjQ6kICpl1J,563,559,559
Nagy Andrea,+36457797693,andrea.nagy@example.com,Pécs,ad8dn61,Wa&GjvRH%2&F,564,560,560
Tóth Béla,+36967395716,béla.tóth@example.com,Szeged,5lh81a,qFk09zJ$,565,561,561
Tóth Andrea,+36058940196,andrea.tóth@example.com,Szombathely,4ahenh7,Mnn@Yi8$%tiD,566,562,562
Nagy Katalin,+36989669679,katalin.nagy@example.com,Kecskemét,1n78l10,zSIQDSqWG,567,563,563
Kiss Mária,+36579813776,mária.kiss@example.com,Kecskemét,934m5s,Dqgk^WRy,568,564,564
Tóth Gábor,+36783719071,gábor.tóth@example.com,Miskolc,táá42,^Z@jEWWjr,569,565,565
Tóth Péter,+36051211247,péter.tóth@example.com,Székesfehérvár,he5p10t,BxSy*D22,570,566,566
Szabó Zsuzsanna,+36412112146,zsuzsanna.szabó@example.com,Kecskemét,s2s69,MCDl+ElW,571,567,567
Varga Andrea,+36595543748,andrea.varga@example.com,Győr,957a3v,KwtJGP1=uVC,572,568,568
Szabó Béla,+36045504357,béla.szabó@example.com,Kecskemét,b6968,jVEKsgKMI,573,569,569
Németh János,+36865677017,jános.németh@example.com,Kecskemét,s74o6o,rTgKnWsMW,574,570,570
Horváth Katalin,+36753581155,katalin.horváth@example.com,Szeged,nih2v,d%lYMAT6$g,575,571,571
Németh Péter,+36401629961,péter.németh@example.com,Budapest,mme661,u^k7=P*1w#Ee,576,572,572
Tóth Gábor,+36467716910,gábor.tóth@example.com,Székesfehérvár,71r81ró,J(eqXwbB,577,573,573
Kiss Zsuzsanna,+36197513048,zsuzsanna.kiss@example.com,Szeged,nsusa,((qIFaIUsK,578,574,574
Kiss László,+36437397293,lászló.kiss@example.com,Szeged,zl678s6,jBGoXi8eiAl3,579,575,575
Kiss János,+36955693321,jános.kiss@example.com,Kecskemét,09s9n,8gee_yTMLF@,580,576,576
Tóth Zsuzsanna,+36950094393,zsuzsanna.tóth@example.com,Debrecen,108n0,4!gM^4laF9D,581,577,577
Molnár Gábor,+36583975869,gábor.molnár@example.com,Debrecen,l4br52g,qm5i(#Jeb,582,578,578
Kovács János,+36184405723,jános.kovács@example.com,Szombathely,c85671,AyWx17ZI#Hv,583,579,579
Kovács Katalin,+36070884271,katalin.kovács@example.com,Szombathely,88vi5,Be=W@1XZdX,584,580,580
Kovács Mária,+36509606840,mária.kovács@example.com,Budapest,v9á507,B+fpIuov_YC,585,581,581
Tóth Béla,+36855589214,béla.tóth@example.com,Győr,9886a2a,8=LS8BEKZ,586,582,582
Nagy Zsuzsanna,+36326565349,zsuzsanna.nagy@example.com,Győr,0zs3a3,^VpIhjG$%IDJ,587,583,583
Kovács Péter,+36979977663,péter.kovács@example.com,Szombathely,8prre,y^*9oX9q,588,584,584
Kovács Mária,+36208148244,mária.kovács@example.com,Szombathely,vá36a,i8W-dA$y!CG,589,585,585
Kiss László,+36967522970,lászló.kiss@example.com,Pécs,s2l195k,P@sN5@pas,590,586,586
Horváth László,+36753421582,lászló.horváth@example.com,Debrecen,55ólo,N)gGiT-Nv,591,587,587
Horváth Mária,+36696171003,mária.horváth@example.com,Pécs,5v9i2tr,&s=M$ir0+w7$,592,588,588
Kovács János,+36333039670,jános.kovács@example.com,Székesfehérvár,s3v2n,$pZdc!XAPhQ,593,589,589
Kovács Zsuzsanna,+36064352230,zsuzsanna.kovács@example.com,Miskolc,snnák1,Z1&1MrBd@!,594,590,590
Kovács Mária,+36655899848,mária.kovács@example.com,Pécs,55ás34,utp$Sw#CK,595,591,591
Németh Béla,+36014565180,béla.németh@example.com,Kecskemét,6éb2h0,^xNxOk3Wx_b),596,592,592
Varga Mária,+36831729427,mária.varga@example.com,Szombathely,91rvg,cAYu2)y@,597,593,593
Tóth László,+36746499900,lászló.tóth@example.com,Pécs,ó6ó0h,a-V6JX(9j*,598,594,594
Varga Mária,+36802985494,mária.varga@example.com,Szombathely,r2a4rar,&C+i0bPy0,599,595,595
Varga Mária,+36065693548,mária.varga@example.com,Kecskemét,53a2g,GomS3adha,600,596,596
Szabó Mária,+36025036008,mária.szabó@example.com,Győr,0b94r79,Kg-U&8yQyVTa,601,597,597
Tóth László,+36364471027,lászló.tóth@example.com,Pécs,026t71t,i=AS2xeot%4,602,598,598
Kiss Zsuzsanna,+36942694525,zsuzsanna.kiss@example.com,Budapest,a04ks,pTC9mqKc,603,599,599
Molnár Andrea,+36123884005,andrea.molnár@example.com,Budapest,9na01áa,rEF)avz^IO,604,600,600
Kovács Zsuzsanna,+36375799460,zsuzsanna.kovács@example.com,Kecskemét,asnk87,N8y^t$R3hQba,605,601,601
Kiss Katalin,+36234825884,katalin.kiss@example.com,Budapest,31t834,hU)xZ9bxg2,606,602,602
Varga Béla,+36349053947,béla.varga@example.com,Szeged,av154,OivGPvS@),607,603,603
Nagy Zsuzsanna,+36819021927,zsuzsanna.nagy@example.com,Székesfehérvár,az6zn,KsqqO#j6Zb,608,604,604
Tóth Mária,+36515977052,mária.tóth@example.com,Miskolc,t21r39,0NUj=Av_g&p,609,605,605
Horváth Zsuzsanna,+36982564667,zsuzsanna.horváth@example.com,Szombathely,2ázsh,y*D$@!qJ,610,606,606
Kovács Zsuzsanna,+36666878581,zsuzsanna.kovács@example.com,Miskolc,sk62o9n,0)fBS&CGLx,611,607,607
Nagy Béla,+36262998920,béla.nagy@example.com,Debrecen,55ya04,LD%@Y@uJLv,612,608,608
Molnár Péter,+36222909291,péter.molnár@example.com,Győr,éár3le,gn(yhh!DM=,613,609,609
Horváth Mária,+36991255934,mária.horváth@example.com,Kecskemét,7r4o918,f==fC#gIOZ,614,610,610
Kiss László,+36452766736,lászló.kiss@example.com,Szombathely,sáz3s91,2nor^8iWrC9,615,611,611
Kiss Gábor,+36107864618,gábor.kiss@example.com,Pécs,9sr3o7r,B2N@nEWePb,616,612,612
Horváth Mária,+36325578486,mária.horváth@example.com,Debrecen,7mv525,_d6^d#e!w2,617,613,613
Németh Béla,+36031799045,béla.németh@example.com,Budapest,é4ta581,-EMOX!M0mUwF,618,614,614
Horváth Zsuzsanna,+36136340766,zsuzsanna.horváth@example.com,Budapest,nts1o,(Z$YjD(0,619,615,615
Varga Katalin,+36039785981,katalin.varga@example.com,Debrecen,lln69,&7%FADc=cj,620,616,616
Kiss Katalin,+36360917299,katalin.kiss@example.com,Szeged,ltl19,zFtIZSL_SJUC,621,617,617
Molnár János,+36069879260,jános.molnár@example.com,Miskolc,j5m027á,%Kr_Wi#qGX,622,618,618
Tóth Mária,+36294537647,mária.tóth@example.com,Pécs,th2óm0,dWzpEdVT,623,619,619
Nagy Zsuzsanna,+36439541190,zsuzsanna.nagy@example.com,Szombathely,nnz79,v#cuvqAEr_k,624,620,620
Varga Béla,+36321561175,béla.varga@example.com,Miskolc,é28l8,kTsRkS3fmQ,625,621,621
Horváth Katalin,+36739253667,katalin.horváth@example.com,Pécs,haál7h,CAxcc%c7rIp,626,622,622
Varga Péter,+36903586151,péter.varga@example.com,Szeged,v4érv,jHHY)!Lg,627,623,623
Horváth Béla,+36314344990,béla.horváth@example.com,Miskolc,6rhr9tb,^WgSfw-sg,628,624,624
Kiss Zsuzsanna,+36400912758,zsuzsanna.kiss@example.com,Szombathely,769skk,)p)Np+k*!+G@,629,625,625
Kovács János,+36781429461,jános.kovács@example.com,Pécs,78371,VbXMwtsrH,630,626,626
Nagy Péter,+36584620013,péter.nagy@example.com,Kecskemét,y07258é,5L&Ah!IW^1,631,627,627
Németh Andrea,+36008191775,andrea.németh@example.com,Kecskemét,é858a,^W7jfhFMe$_,632,628,628
Kovács Béla,+36241471770,béla.kovács@example.com,Miskolc,09673,^*S_K1-t,633,629,629
Tóth László,+36936269377,lászló.tóth@example.com,Szeged,6ll56ó,Rn3Og3xkj,634,630,630
Tóth Gábor,+36466370585,gábor.tóth@example.com,Szombathely,7rt1át,aW%dwlzM,635,631,631
Kovács János,+36569183301,jános.kovács@example.com,Miskolc,o88k2á7,Ws3xXQYT3=x,636,632,632
Kovács Zsuzsanna,+36870116549,zsuzsanna.kovács@example.com,Győr,v72s7,yhlyu8HDh,637,633,633
Németh Gábor,+36607201628,gábor.németh@example.com,Miskolc,ám8rt39,BcHJXPQTaDiU,638,634,634
Németh János,+36519266168,jános.németh@example.com,Pécs,9oé32,l=Q4hgHV7!,639,635,635
Szabó Gábor,+36521665895,gábor.szabó@example.com,Győr,óbaáb,X)F&gV69,640,636,636
Tóth Andrea,+36608969075,andrea.tóth@example.com,Debrecen,tdaaatt,!JqO+i2+f(v,641,637,637
Horváth Péter,+36552048388,péter.horváth@example.com,Székesfehérvár,28p77,Y=L#oG2ajsT,642,638,638
Németh Gábor,+36830149846,gábor.németh@example.com,Székesfehérvár,tá9og0é,_h-6(eBVbC,643,639,639
Nagy Katalin,+36637910459,katalin.nagy@example.com,Kecskemét,taiy7t4,X+(KOCrC65T3,644,640,640
Horváth Gábor,+36835220615,gábor.horváth@example.com,Miskolc,h7oroov,Fc4vbbPC1Z,645,641,641
Horváth Zsuzsanna,+36698915776,zsuzsanna.horváth@example.com,Szeged,nh79sr9,IZL4_2D&I,646,642,642
Varga Gábor,+36789167852,gábor.varga@example.com,Székesfehérvár,gv73bar,aCl#p98f6,647,643,643
Molnár Béla,+36394984372,béla.molnár@example.com,Kecskemét,16ér2bé,mx#9DVLpDOr,648,644,644
Varga László,+36221296545,lászló.varga@example.com,Szombathely,2a7ala,Mw5K7j7tn%,649,645,645
Németh Zsuzsanna,+36764081715,zsuzsanna.németh@example.com,Pécs,m73hs,d(MeVn@%TOh#,650,646,646
Németh Katalin,+36838457577,katalin.németh@example.com,Székesfehérvár,nt8anaa,@gZFKJL84#(,651,647,647
Kovács Mária,+36377599529,mária.kovács@example.com,Miskolc,áo6r9s,ec+FI8V1E1,652,648,648
Horváth János,+36834952073,jános.horváth@example.com,Miskolc,20nrt,MUd9aY*&-ck,653,649,649
Varga Béla,+36172457881,béla.varga@example.com,Pécs,gg6lé7l,Ga8Hss8O,654,650,650
Varga Mária,+36098498033,mária.varga@example.com,Győr,r5m2á,fiNfj(YGM1S,655,651,651
Horváth Zsuzsanna,+36178128011,zsuzsanna.horváth@example.com,Pécs,8a4s24,xjmS4l+DL!rb,656,652,652
Molnár Gábor,+36200322775,gábor.molnár@example.com,Budapest,or78m4,(4qV-@&J,657,653,653
Molnár Zsuzsanna,+36403043864,zsuzsanna.molnár@example.com,Győr,á0n72,rsfg+LFQ6#,658,654,654
Kovács Mária,+36492801054,mária.kovács@example.com,Győr,7s8c8,hX4+R8XMx,659,655,655
Tóth Gábor,+36725968554,gábor.tóth@example.com,Győr,hb7b1á,H7!)TNsPUSl@,660,656,656
Tóth László,+36515336633,lászló.tóth@example.com,Budapest,3sá63h,SwF!&ajlFKkq,661,657,657
Nagy László,+36806998470,lászló.nagy@example.com,Győr,5a04z,nVvCGP@sg5,662,658,658
Varga Katalin,+36692801410,katalin.varga@example.com,Szeged,62062,+GZM8S=r6,663,659,659
Molnár Katalin,+36273157781,katalin.molnár@example.com,Győr,ltká1,JE@H%e4HLtnR,664,660,660
Szabó János,+36567241809,jános.szabó@example.com,Budapest,oz5z6n0,pU!IrI=k,665,661,661
Tóth Zsuzsanna,+36825735131,zsuzsanna.tóth@example.com,Szeged,44zóua,%7(mbIQ_!jh,666,662,662
Kovács Andrea,+36275490012,andrea.kovács@example.com,Kecskemét,88oá0,sEgTof%_CMm,667,663,663
Németh János,+36027534218,jános.németh@example.com,Pécs,8otnhm,&FyQ0YbsB$,668,664,664
Horváth Péter,+36560243181,péter.horváth@example.com,Győr,535eoáe,YgbulTAjmN,669,665,665
Tóth Mária,+36039162834,mária.tóth@example.com,Székesfehérvár,á715t,R_rWy7=M8!c2,670,666,666
Nagy Mária,+36092040669,mária.nagy@example.com,Pécs,a3129,!9Yc#ilM%,671,667,667
Szabó János,+36652351266,jános.szabó@example.com,Székesfehérvár,naó7só,FY^BOY!SWLS9,672,668,668
Molnár László,+36859828876,lászló.molnár@example.com,Kecskemét,9mz0nr7,nIc#G#aIp,673,669,669
Szabó Béla,+36767170667,béla.szabó@example.com,Kecskemét,88ó503,BShDYo0u4,674,670,670
Kiss Gábor,+36229958654,gábor.kiss@example.com,Székesfehérvár,g5r7r,K+GCNE-CJ_Jh,675,671,671
Tóth Gábor,+36849695523,gábor.tóth@example.com,Miskolc,85óg7t,Owq5lw0@cX,676,672,672
Varga Zsuzsanna,+36577384806,zsuzsanna.varga@example.com,Miskolc,zs16z0,x)KpxpG%d6,677,673,673
Kiss Zsuzsanna,+36323220599,zsuzsanna.kiss@example.com,Debrecen,049sz2s,z#Egcu8v,678,674,674
Szabó Béla,+36874902673,béla.szabó@example.com,Győr,la5540,MH)S*1S^w,679,675,675
Varga Andrea,+36810467384,andrea.varga@example.com,Miskolc,966945,69MDli5d(,680,676,676
Tóth Mária,+36315020282,mária.tóth@example.com,Szombathely,07094m3,IUwOzwDoN,681,677,677
Kovács Katalin,+36882927045,katalin.kovács@example.com,Budapest,9á270sn,V7h+GQC^a,682,678,678
Tóth Andrea,+36836364837,andrea.tóth@example.com,Szeged,8t54n,&DpkLBtilg,683,679,679
Nagy Katalin,+36871787317,katalin.nagy@example.com,Budapest,0a3a2,ZJrXH-bgS,684,680,680
Szabó Péter,+36036708249,péter.szabó@example.com,Pécs,78eb148,+!agjhcSo,685,681,681
Németh János,+36267955936,jános.németh@example.com,Győr,jnt897,UTdi-rbtHZN,686,682,682
Nagy Gábor,+36927973956,gábor.nagy@example.com,Pécs,g765áá,IJjacmHdT,687,683,683
Tóth Zsuzsanna,+36960669385,zsuzsanna.tóth@example.com,Debrecen,óssza,Z0zZfo0wCm*Y,688,684,684
Molnár Andrea,+36384502688,andrea.molnár@example.com,Kecskemét,2d9679,Hew=*0hj,689,685,685
Molnár Péter,+36230473567,péter.molnár@example.com,Kecskemét,n1llr,El7lx-ah9s,690,686,686
Varga Andrea,+36677365448,andrea.varga@example.com,Győr,527gv,)ZBTMoiSX-j,691,687,687
Kovács Katalin,+36885556221,katalin.kovács@example.com,Miskolc,s7áá2,EzBKR^i&E,692,688,688
Kiss Gábor,+36152285540,gábor.kiss@example.com,Budapest,9okskgs,-48@6g$Hx,693,689,689
Molnár János,+36845220842,jános.molnár@example.com,Székesfehérvár,41jn7so,dZT-1K$9Q&,694,690,690
Kovács Béla,+36422303111,béla.kovács@example.com,Kecskemét,c6ék6,COGvX@02yvsb,695,691,691
Kovács Béla,+36665055830,béla.kovács@example.com,Szeged,3ok59éc,E*dYMt^O,696,692,692
Tóth János,+36786820263,jános.tóth@example.com,Budapest,nóo91,JM9rR=ehb,697,693,693
Szabó Péter,+36955911529,péter.szabó@example.com,Pécs,13bb1ó,J6vsz08Isa*,698,694,694
Varga János,+36463604484,jános.varga@example.com,Miskolc,aáo59,DHigu03ehD,699,695,695
Horváth Andrea,+36327845884,andrea.horváth@example.com,Szeged,h3oar7,Ux3gakRe,700,696,696
Kiss Andrea,+36981390865,andrea.kiss@example.com,Szombathely,e5220a,XAuYe*uaUkte,701,697,697
Kiss László,+36763834051,lászló.kiss@example.com,Debrecen,kl5s6,IUP7Iprl,702,698,698
Kiss Mária,+36300570870,mária.kiss@example.com,Székesfehérvár,6kk14m,I5U^g4dr-D,703,699,699
Németh Gábor,+36902560039,gábor.németh@example.com,Pécs,41704b,fPhU9K4Hqy,704,700,700
Varga Andrea,+36037155835,andrea.varga@example.com,Budapest,73a47,TRvpWf*pg,705,701,701
Tóth Béla,+36673061994,béla.tóth@example.com,Szeged,89tó648,T9$B)Vneg,706,702,702
Németh János,+36630277123,jános.németh@example.com,Szombathely,1o7311,CrsJmaIdvt,707,703,703
Tóth János,+36571394469,jános.tóth@example.com,Győr,t9j9n,8XdyT!h1tJ,708,704,704
Horváth Andrea,+36246814411,andrea.horváth@example.com,Debrecen,arh0n22,G&e4m3zn1z+q,709,705,705
Tóth Zsuzsanna,+36454240483,zsuzsanna.tóth@example.com,Budapest,hat619a,DMVlbA#u,710,706,706
Szabó Péter,+36427705320,péter.szabó@example.com,Debrecen,5tbb6e,k01XDHo!Lls@,711,707,707
Horváth Gábor,+36119324538,gábor.horváth@example.com,Kecskemét,r3hhár,gIx$0I-J*wr,712,708,708
Tóth Béla,+36128428643,béla.tóth@example.com,Debrecen,9ó2934,UUbSc7Aw,713,709,709
Kiss János,+36271302339,jános.kiss@example.com,Székesfehérvár,243ká27,koO!%@+yLAY,714,710,710
Kiss László,+36798810769,lászló.kiss@example.com,Győr,ssls7,)2+o9MbQNrf,715,711,711
Horváth Béla,+36038171154,béla.horváth@example.com,Győr,8é7lh,6NLRMh#Fd-M,716,712,712
Molnár Katalin,+36571066959,katalin.molnár@example.com,Szeged,la6t04,5o868#U0J,717,713,713
Varga Péter,+36057165448,péter.varga@example.com,Pécs,27v44,&3sdH^CnfF,718,714,714
Nagy Béla,+36121858574,béla.nagy@example.com,Szombathely,2631a,&XJn!FQ!JAF,719,715,715
Kovács Gábor,+36618137453,gábor.kovács@example.com,Szombathely,o7765á4,+a0lxSM8L+7y,720,716,716
Nagy László,+36703918824,lászló.nagy@example.com,Szeged,l6nsl6ó,Xq68s9x2D,721,717,717
Tóth Katalin,+36224847259,katalin.tóth@example.com,Pécs,tl27t75,uOCVWrYx+,722,718,718
Varga Mária,+36221724748,mária.varga@example.com,Miskolc,rá1r7ra,iQbWm1eH)^!f,723,719,719
Kovács Katalin,+36611302967,katalin.kovács@example.com,Debrecen,avn17lk,GNJGv5)P,724,720,720
Horváth Andrea,+36565535317,andrea.horváth@example.com,Győr,4oo6ad,4G=SahiGwh,725,721,721
Horváth Mária,+36293540827,mária.horváth@example.com,Szombathely,i2mrh6,0c+BE*Jp*8v,726,722,722
Molnár János,+36152454241,jános.molnár@example.com,Győr,á53r4,71(EZw%kF8Wr,727,723,723
Kiss Péter,+36154176128,péter.kiss@example.com,Szombathely,r5rs93,PlV1DSdyE%g,728,724,724
Kiss Katalin,+36020215080,katalin.kiss@example.com,Miskolc,1kt13,j*LXB@3c0bl,729,725,725
Horváth Zsuzsanna,+36518838729,zsuzsanna.horváth@example.com,Kecskemét,asrnn,-Rdkihsf,730,726,726
Kovács László,+36634281527,lászló.kovács@example.com,Győr,8ás48,-aw#!UF),731,727,727
Szabó Zsuzsanna,+36763696394,zsuzsanna.szabó@example.com,Budapest,a586nb,4*R8+6e-1G,732,728,728
Horváth Péter,+36487341349,péter.horváth@example.com,Pécs,1vátt2o,o!qivxWqa,733,729,729
Németh Andrea,+36965966410,andrea.németh@example.com,Debrecen,2e72e,9HkVohwE,734,730,730
Kiss Mária,+36597199303,mária.kiss@example.com,Pécs,0a737,v*FNhGPUjQ@w,735,731,731
Nagy Andrea,+36835823629,andrea.nagy@example.com,Győr,ggy4r0r,)6rcU!YORL,736,732,732
Molnár Péter,+36583230584,péter.molnár@example.com,Székesfehérvár,1r9éé1,(u_Kcpxf,737,733,733
Molnár Zsuzsanna,+36744324781,zsuzsanna.molnár@example.com,Szombathely,3zo81,(VP+3xyL,738,734,734
Nagy Péter,+36360727890,péter.nagy@example.com,Debrecen,p57eyé,dlXweJDco,739,735,735
Horváth Gábor,+36385070716,gábor.horváth@example.com,Szombathely,g4h94oh,q(dryYLwPP%,740,736,736
Nagy János,+36146780494,jános.nagy@example.com,Szombathely,y61ay,$YDiNu7r)ah,741,737,737
Tóth Zsuzsanna,+36822785659,zsuzsanna.tóth@example.com,Győr,0s4tó5,WN)B0q07,742,738,738
Kiss János,+36467569899,jános.kiss@example.com,Budapest,7ns5n,NLHfaJS-Wk,743,739,739
Tóth Zsuzsanna,+36983471304,zsuzsanna.tóth@example.com,Szeged,az7173,Tc*sU=9QIn%3,744,740,740
Kovács Zsuzsanna,+36670011272,zsuzsanna.kovács@example.com,Szeged,5k72v4s,rMRVbG9WFm,745,741,741
Szabó Béla,+36856286815,béla.szabó@example.com,Miskolc,6ab69,e$Ozm!=sQ,746,742,742
Szabó Béla,+36627742973,béla.szabó@example.com,Székesfehérvár,02bb81,5_I4i5tV)L,747,743,743
Tóth Béla,+36274892397,béla.tóth@example.com,Debrecen,9t45h,(F9W2+)Kz,748,744,744
Kovács Andrea,+36357502073,andrea.kovács@example.com,Győr,eveord7,7=kAPCkLs5,749,745,745
Nagy Péter,+36569810979,péter.nagy@example.com,Szeged,9yn0a2,iG&gZ=AnJXN,750,746,746
Horváth Béla,+36682337910,béla.horváth@example.com,Miskolc,voa60,j40nUikV^=,751,747,747
Kiss Katalin,+36694702330,katalin.kiss@example.com,Győr,ls3k76i,W%HcbtSx%=A,752,748,748
Németh Péter,+36715787144,péter.németh@example.com,Győr,n1nt17,7+9)KO0b,753,749,749
Szabó Mária,+36650455202,mária.szabó@example.com,Kecskemét,r8ósóaa,@eksHlf8w0M,754,750,750
Németh Zsuzsanna,+36890728907,zsuzsanna.németh@example.com,Szombathely,818n6,1oE-un*7,755,751,751
Kiss Péter,+36721453275,péter.kiss@example.com,Szeged,235e4,uDgyrz3srPm,756,752,752
Németh Péter,+36851244351,péter.németh@example.com,Budapest,9369t,RXkHeWwLW,757,753,753
Molnár Gábor,+36916890851,gábor.molnár@example.com,Győr,63nná3á,OL^K5lUZoF=A,758,754,754
Németh Béla,+36221103361,béla.németh@example.com,Pécs,219ae,HL3Nqa@XRhJ,759,755,755
Szabó Béla,+36988468211,béla.szabó@example.com,Miskolc,aa5a46,*qbE!UO79o,760,756,756
Kiss László,+36046645431,lászló.kiss@example.com,Pécs,ól6s8ál,iE*ep5l$7e,761,757,757
Kiss Gábor,+36700022487,gábor.kiss@example.com,Székesfehérvár,r1oro8,t6(MVOt3UR,762,758,758
Tóth Gábor,+36635976635,gábor.tóth@example.com,Szeged,h1ó62ó,$7I#mzsHw,763,759,759
Szabó Andrea,+36739399303,andrea.szabó@example.com,Debrecen,4r0r2,#QFrXc0MLQ,764,760,760
Kiss Péter,+36963784552,péter.kiss@example.com,Budapest,ss6es,aQXXp&mYmKe9,765,761,761
Szabó László,+36740847682,lászló.szabó@example.com,Szeged,s7l44a,P&%0)8fzY,766,762,762
Németh Katalin,+36669628790,katalin.németh@example.com,Székesfehérvár,th85mhn,I!xqkBMTQ1OX,767,763,763
Molnár Béla,+36043929447,béla.molnár@example.com,Kecskemét,47m056,JX2pL7Z3k,768,764,764
Kiss Béla,+36678860927,béla.kiss@example.com,Pécs,11s0711,T#S%1#5YBT,769,765,765
Horváth Katalin,+36353565379,katalin.horváth@example.com,Debrecen,4o96a8v,KPivQrf7^o0,770,766,766
Nagy Péter,+36474786886,péter.nagy@example.com,Székesfehérvár,ptnt0,1m3V*MxE)!K,771,767,767
Tóth Péter,+36768284620,péter.tóth@example.com,Szeged,t3324r6,fQ+DL#rfkZ9D,772,768,768
Nagy Zsuzsanna,+36882451533,zsuzsanna.nagy@example.com,Szombathely,ns3484,fY^bbg&@AJ,773,769,769
Molnár Zsuzsanna,+36477915361,zsuzsanna.molnár@example.com,Budapest,z60m4n,pmJ7M1OCzR,774,770,770
Horváth Katalin,+36033887160,katalin.horváth@example.com,Kecskemét,6i7oota,Q18%zNmLM,775,771,771
Tóth Andrea,+36716860636,andrea.tóth@example.com,Pécs,125n4r,eWK8l@%mQ,776,772,772
Varga János,+36450210593,jános.varga@example.com,Szeged,8á0g9,eN-KO+g$mv,777,773,773
Kiss János,+36588694115,jános.kiss@example.com,Szombathely,8s513s,^qLPy6WW739,778,774,774
Tóth Zsuzsanna,+36882847825,zsuzsanna.tóth@example.com,Pécs,833a37,%7E3be+49,779,775,775
Kiss Péter,+36864479073,péter.kiss@example.com,Győr,7981é2t,P&%qV+7T,780,776,776
Tóth László,+36713982941,lászló.tóth@example.com,Kecskemét,á74ó8ló,5cEZURWF=5N,781,777,777
Horváth Andrea,+36976503549,andrea.horváth@example.com,Miskolc,rnre0d,RNGU(2@eY,782,778,778
Kovács Katalin,+36295708419,katalin.kovács@example.com,Szeged,3an1o9,L&3krQyJ9,783,779,779
Kiss Mária,+36701310123,mária.kiss@example.com,Miskolc,si1s7á,b_qL5Pjfse,784,780,780
Nagy Gábor,+36335258985,gábor.nagy@example.com,Kecskemét,1b643b,Nmx%uEHW*^A+,785,781,781
Varga Mária,+36389990197,mária.varga@example.com,Székesfehérvár,1a3rr,1$gzfSG3F,786,782,782
Szabó László,+36845316030,lászló.szabó@example.com,Miskolc,zll98,yTktT^&h,787,783,783
Molnár János,+36202176163,jános.molnár@example.com,Szeged,nnrájs,!@l$J$jwQp9e,788,784,784
Németh János,+36739010528,jános.németh@example.com,Debrecen,nnj64,kvVCFaDK,789,785,785
Kiss Péter,+36887810823,péter.kiss@example.com,Budapest,3és41,o88CQ1+)@,790,786,786
Nagy Béla,+36417418914,béla.nagy@example.com,Budapest,24ya0,@I1CeGtvg),791,787,787
Kovács László,+36196050707,lászló.kovács@example.com,Debrecen,v72ll0s,(3h3lIYpq,792,788,788
Kovács Péter,+36717769266,péter.kovács@example.com,Győr,7kcscsá,4IDKZxv@c,793,789,789
Kiss János,+36361671504,jános.kiss@example.com,Budapest,ks23269,cB$NatAAh,794,790,790
Kovács Béla,+36257145700,béla.kovács@example.com,Székesfehérvár,s02ov1o,UXNfsc9*V@,795,791,791
Tóth Gábor,+36577374166,gábor.tóth@example.com,Székesfehérvár,833b4,^2)p8c9%dHGs,796,792,792
Kovács Zsuzsanna,+36822316494,zsuzsanna.kovács@example.com,Debrecen,6vza3,kwpRv_mGIO=s,797,793,793
Kiss Zsuzsanna,+36954100721,zsuzsanna.kiss@example.com,Kecskemét,93n8sa7,uDknqS-h(B,798,794,794
Kiss Béla,+36853151350,béla.kiss@example.com,Debrecen,759s6,gpS=8X@SNHS,799,795,795
Nagy Béla,+36200561453,béla.nagy@example.com,Miskolc,48g46a3,)nK6tKbJpj3,800,796,796
Nagy László,+36338134079,lászló.nagy@example.com,Miskolc,9zgl7a2,d$wC@vLpOh,801,797,797
Molnár Gábor,+36285670831,gábor.molnár@example.com,Szombathely,mno07n,VQM)Ir+E!C,802,798,798
Molnár László,+36809038770,lászló.molnár@example.com,Budapest,l07l5á6,h-IZ))3#x8O,803,799,799
Varga Péter,+36410107078,péter.varga@example.com,Szombathely,6va008,z6Ecng+OVOX,804,800,800
Molnár Andrea,+36107268077,andrea.molnár@example.com,Szombathely,30l7a,r1lH!5hyh,805,801,801
Horváth János,+36250946572,jános.horváth@example.com,Debrecen,8hs5r40,2-WiTys7nb+k,806,802,802
Horváth Gábor,+36190281084,gábor.horváth@example.com,Debrecen,0508o48,BZN-arMj,807,803,803
Németh Katalin,+36009687186,katalin.németh@example.com,Budapest,t2t8tt,w9v6n$RN@w,808,804,804
Tóth Péter,+36777658284,péter.tóth@example.com,Szombathely,étet0t,K^PVWOei&=,809,805,805
Tóth Béla,+36137790616,béla.tóth@example.com,Győr,h2ó61a2,D53N##RH72m!,810,806,806
Horváth László,+36824602899,lászló.horváth@example.com,Győr,946924,gs+KHMip,811,807,807
Németh Andrea,+36468690477,andrea.németh@example.com,Szombathely,1dtanh3,vP^T^Sn),812,808,808
Varga Katalin,+36123103389,katalin.varga@example.com,Kecskemét,rlg511,80UfPxg4,813,809,809
Kiss Péter,+36743055845,péter.kiss@example.com,Szombathely,1r9ptt,1$Jrm!bk,814,810,810
Kovács Péter,+36676765792,péter.kovács@example.com,Szeged,tekp42,&I1P5d898d$-,815,811,811
Varga János,+36734351416,jános.varga@example.com,Pécs,jo4ajs,cnYOy(Y==q!r,816,812,812
Tóth László,+36925640856,lászló.tóth@example.com,Székesfehérvár,83tt1,8zdDL1!V4,817,813,813
Németh Béla,+36998560080,béla.németh@example.com,Kecskemét,37é2mb,)a*0xr=S,818,814,814
Németh László,+36251469540,lászló.németh@example.com,Miskolc,sá71769,I@-Vm6rKgPZ3,819,815,815
Kovács Katalin,+36766163681,katalin.kovács@example.com,Székesfehérvár,t4sav,nrH$0q+p@WR),820,816,816
Kiss Mária,+36150803112,mária.kiss@example.com,Székesfehérvár,r29a77,rPmfrjatNJ,821,817,817
Varga Mária,+36614175196,mária.varga@example.com,Miskolc,91mig39,Bea_-0mH,822,818,818
Szabó János,+36894444088,jános.szabó@example.com,Szeged,sb3z2ss,CX9)ASJcT,823,819,819
Kiss Katalin,+36631176827,katalin.kiss@example.com,Debrecen,i13a0i,U$*reO#P5,824,820,820
Szabó Katalin,+36861131400,katalin.szabó@example.com,Kecskemét,kttb4,ImK57dnUDcX,825,821,821
Kovács László,+36379869132,lászló.kovács@example.com,Kecskemét,9c8ázzs,w!)-k5EvD#n2,826,822,822
Molnár János,+36676204177,jános.molnár@example.com,Szeged,0m2á37,6LNjG9!fTI,827,823,823
Horváth László,+36314311733,lászló.horváth@example.com,Győr,7h1t5zz,EwfbZdi^,828,824,824
Kiss Katalin,+36395789929,katalin.kiss@example.com,Debrecen,ak6n9i,j@%wfJYK,829,825,825
Németh Katalin,+36545787283,katalin.németh@example.com,Debrecen,73330,iD8wZYqsCIce,830,826,826
Szabó Zsuzsanna,+36016046693,zsuzsanna.szabó@example.com,Kecskemét,7sz8saz,oT8pmZuL,831,827,827
Molnár Katalin,+36518589488,katalin.molnár@example.com,Miskolc,82oa9,eTnUpxe3sk,832,828,828
Szabó János,+36379964272,jános.szabó@example.com,Kecskemét,2ns17,#$2@1u6oF=c,833,829,829
Varga László,+36524421707,lászló.varga@example.com,Debrecen,1agl21ó,J#7_l-WT9T,834,830,830
Szabó János,+36529172444,jános.szabó@example.com,Kecskemét,7709868,l^qVRpoXXw3,835,831,831
Varga Mária,+36004410026,mária.varga@example.com,Miskolc,áa8aa,kGjS-iLsI=4,836,832,832
Molnár Béla,+36771423652,béla.molnár@example.com,Pécs,80a933n,Z=810o6ncU8y,837,833,833
Szabó Gábor,+36659037504,gábor.szabó@example.com,Szombathely,85á9g5,KODFLO=T9k9n,838,834,834
Szabó Gábor,+36435784349,gábor.szabó@example.com,Győr,o4b12,SHWAw3E=j8*-,839,835,835
Molnár Zsuzsanna,+36319700263,zsuzsanna.molnár@example.com,Debrecen,u13á5,tX)P3xMEZlI,840,836,836
Horváth Mária,+36535463764,mária.horváth@example.com,Budapest,t1irv48,b4jkB^9Q,841,837,837
Varga Péter,+36696297336,péter.varga@example.com,Kecskemét,vv64p1,FTT%Jc+t^=,842,838,838
Szabó Katalin,+36495787879,katalin.szabó@example.com,Miskolc,7óaa46a,@1F_=^1R1ok,843,839,839
Nagy Gábor,+36194073611,gábor.nagy@example.com,Kecskemét,rb398g8,3pB@ZqZPi,844,840,840
Molnár Mária,+36678647308,mária.molnár@example.com,Székesfehérvár,rm7ra3m,SiFsAy5lO,845,841,841
Varga Katalin,+36319584486,katalin.varga@example.com,Pécs,2r10k,iN2sl#nzV3,846,842,842
Molnár Mária,+36850370192,mária.molnár@example.com,Debrecen,1má0lr5,GpT16f3mR2F,847,843,843
Németh János,+36233386023,jános.németh@example.com,Debrecen,6t0o295,g0IEA5tH3J+v,848,844,844
Varga Béla,+36743571903,béla.varga@example.com,Pécs,5g8193,lS@@nPn$n+,849,845,845
Molnár Péter,+36932939855,péter.molnár@example.com,Szombathely,el47p,aKJxDdQAI+f+,850,846,846
Nagy Béla,+36896224495,béla.nagy@example.com,Pécs,bb4731,P%*-c0@by,851,847,847
Nagy Béla,+36973234579,béla.nagy@example.com,Debrecen,036376,(APDsG+dARJ,852,848,848
Nagy Mária,+36993942562,mária.nagy@example.com,Székesfehérvár,g8m8i6,4xtSF#Pj#kk,853,849,849
Molnár László,+36641800258,lászló.molnár@example.com,Debrecen,l99rn,)YKkg!MY0nK,854,850,850
Kovács János,+36221297171,jános.kovács@example.com,Kecskemét,3sj9o85,^3BI6iyYIAs,855,851,851
Németh János,+36205230818,jános.németh@example.com,Székesfehérvár,sjáá84,t=Z^jwhF!F7,856,852,852
Nagy János,+36912007912,jános.nagy@example.com,Szeged,jjn4a7,bWHaFYjSRk5,857,853,853
Varga János,+36676535107,jános.varga@example.com,Debrecen,sa5n3,D2MQ+(gY_!,858,854,854
Kovács Gábor,+36116964408,gábor.kovács@example.com,Miskolc,4g4rá,ZAtE1#pZo5h,859,855,855
Tóth László,+36338667824,lászló.tóth@example.com,Debrecen,ló266áh,UQE_GjldNy,860,856,856
Kovács Andrea,+36234961867,andrea.kovács@example.com,Debrecen,a29kk,r8g^rZIS8,861,857,857
Horváth László,+36407874662,lászló.horváth@example.com,Pécs,8lr7áv,ZfZanmIz&b,862,858,858
Horváth Katalin,+36119122580,katalin.horváth@example.com,Pécs,ro2i13,wnbI%V-p,863,859,859
Kiss Andrea,+36818452362,andrea.kiss@example.com,Szombathely,n7es0,2235+SnXk,864,860,860
Nagy Béla,+36181533591,béla.nagy@example.com,Pécs,b68la0,LKe0h_Fd,865,861,861
Kiss Péter,+36691750755,péter.kiss@example.com,Debrecen,i3rs8tp,jQ*8Qy*LDVG,866,862,862
Szabó Béla,+36184376180,béla.szabó@example.com,Székesfehérvár,bs1l1,g$lm&k**,867,863,863
Németh Péter,+36991745679,péter.németh@example.com,Kecskemét,85428,uLHcI_Jsp%,868,864,864
Horváth Béla,+36242093482,béla.horváth@example.com,Debrecen,30ol367,QkPS7)tyIQ,869,865,865
Szabó János,+36093773460,jános.szabó@example.com,Miskolc,58z16,I0ofQ-x4W,870,866,866
Szabó Katalin,+36417820559,katalin.szabó@example.com,Pécs,9ln78ab,-8l+m4R=O^,871,867,867
Kiss Gábor,+36501981809,gábor.kiss@example.com,Budapest,27r0g,ld9UmvM)PJbq,872,868,868
Szabó Gábor,+36333853276,gábor.szabó@example.com,Budapest,z11872,#607=U9()f,873,869,869
Németh László,+36048507779,lászló.németh@example.com,Győr,mt7sezm,zLC1b+ZHkJI,874,870,870
Kiss Andrea,+36414090968,andrea.kiss@example.com,Pécs,siks0,ywvSw4)4,875,871,871
Molnár Béla,+36549460092,béla.molnár@example.com,Kecskemét,9r93727,yXDzW89Yu,876,872,872
Németh Katalin,+36417932334,katalin.németh@example.com,Pécs,0ni80e,ZyG)v-^LPqW^,877,873,873
Nagy Mária,+36285164824,mária.nagy@example.com,Kecskemét,97g9m,t*k4-@mevDs,878,874,874
Kiss Andrea,+36882198503,andrea.kiss@example.com,Győr,0s0kn08,YtC$S1G8,879,875,875
Németh Béla,+36954929266,béla.németh@example.com,Székesfehérvár,éé4é1,Aou-3gscq,880,876,876
Varga Katalin,+36678307386,katalin.varga@example.com,Győr,tan70,Jx*MrPLJHQ%,881,877,877
Szabó János,+36590275330,jános.szabó@example.com,Debrecen,s4sa2as,Xz9&CB5#,882,878,878
Kovács Béla,+36170274420,béla.kovács@example.com,Kecskemét,4kév9,S&Bo5oPD=L3d,883,879,879
Nagy Mária,+36733984617,mária.nagy@example.com,Kecskemét,a3y7n,qt&N9*-VKqeQ,884,880,880
Varga Péter,+36478092763,péter.varga@example.com,Szombathely,va9rap,Pvm2JtnO%,885,881,881
Varga Zsuzsanna,+36181510966,zsuzsanna.varga@example.com,Győr,2596z46,69umadFY,886,882,882
Molnár Andrea,+36247253681,andrea.molnár@example.com,Miskolc,n0na0n,wci$a!F3(L*2,887,883,883
Horváth Mária,+36138442023,mária.horváth@example.com,Győr,aho9áio,ED@O=IDyL,888,884,884
Molnár Andrea,+36459378007,andrea.molnár@example.com,Kecskemét,0014m91,kYY^3S0dO,889,885,885
Tóth János,+36865344890,jános.tóth@example.com,Székesfehérvár,ná783,$tn*zQyj,890,886,886
Németh Zsuzsanna,+36089433625,zsuzsanna.németh@example.com,Pécs,286ts,REB%sw2z,891,887,887
Németh Andrea,+36350463335,andrea.németh@example.com,Szeged,1a7h88a,e&j7!4XAR,892,888,888
Molnár Péter,+36013598746,péter.molnár@example.com,Szombathely,l3metpl,Ce+7mCf=cT,893,889,889
Kiss Katalin,+36589521943,katalin.kiss@example.com,Székesfehérvár,i89746,Zohy-Rdro,894,890,890
Tóth János,+36812478665,jános.tóth@example.com,Szombathely,696272,b&Kz4ox^epX,895,891,891
Varga Mária,+36938492738,mária.varga@example.com,Győr,m65rv,RWP!H)45)l(2,896,892,892
Kiss Péter,+36369331080,péter.kiss@example.com,Miskolc,e6503,P6A(1uGQ,897,893,893
Tóth Mária,+36192578132,mária.tóth@example.com,Szeged,6at134,Q)kTENbs9,898,894,894
Tóth János,+36478199255,jános.tóth@example.com,Kecskemét,79sóhts,(N35ddRwmH,899,895,895
Molnár Katalin,+36750769285,katalin.molnár@example.com,Budapest,t62ái3,7xNAh%vjJRQ3,900,896,896
Horváth Mária,+36428692360,mária.horváth@example.com,Pécs,38917,UmzS8q)%%0(,901,897,897
Szabó Katalin,+36532667706,katalin.szabó@example.com,Debrecen,3la65a1,+7SWaSx7ob+,902,898,898
Molnár Gábor,+36664723133,gábor.molnár@example.com,Szeged,oáá74,Ij2R98(9+l,903,899,899
Molnár Péter,+36593243631,péter.molnár@example.com,Debrecen,n78áán,U6wp2+$f,904,900,900
Szabó Gábor,+36221044801,gábor.szabó@example.com,Budapest,g038g0,gKIwt9)lH,905,901,901
Kovács János,+36120540429,jános.kovács@example.com,Kecskemét,02á5j,DLSfen6PhPg,906,902,902
Kiss Gábor,+36651261580,gábor.kiss@example.com,Debrecen,á88á0á,ThVkgr0Bg9f,907,903,903
Nagy Andrea,+36728723200,andrea.nagy@example.com,Pécs,n2e53,kPTgft+CWv,908,904,904
Molnár János,+36687506274,jános.molnár@example.com,Budapest,árlá9á,sXmIR_%vxxZU,909,905,905
Horváth László,+36368145564,lászló.horváth@example.com,Kecskemét,3lovo0h,pvCZeyGl9,910,906,906
Szabó János,+36495563887,jános.szabó@example.com,Szeged,56ó3sn,0rQQVIU6u-t,911,907,907
Tóth János,+36334957270,jános.tóth@example.com,Debrecen,7nn28o,!GaF3)$qWTo,912,908,908
Németh Andrea,+36644352706,andrea.németh@example.com,Debrecen,932e0n8,yIa&jbQAg,913,909,909
Nagy László,+36066324279,lászló.nagy@example.com,Miskolc,36596y4,u4z(^Wj+_,914,910,910
Kovács László,+36218432796,lászló.kovács@example.com,Kecskemét,zloóá06,WN-*N2MvFp,915,911,911
Nagy László,+36577052019,lászló.nagy@example.com,Szeged,290351,ArPEM1!d,916,912,912
Szabó Katalin,+36357743737,katalin.szabó@example.com,Pécs,n4ntaaa,eAz%eQegf=K,917,913,913
Németh Béla,+36385385919,béla.németh@example.com,Kecskemét,35tal,s%VLbQ9c$t#,918,914,914
Szabó Andrea,+36849438511,andrea.szabó@example.com,Miskolc,en056z0,w0cOQxtM9iN,919,915,915
Molnár Andrea,+36737171371,andrea.molnár@example.com,Győr,14á112,jWc&H(n+rO&#,920,916,916
Tóth Péter,+36442915951,péter.tóth@example.com,Budapest,01óé7,P0Ce-2iM,921,917,917
Kovács Zsuzsanna,+36461120073,zsuzsanna.kovács@example.com,Debrecen,936nas4,ZPfFrzgZ,922,918,918
Horváth János,+36265997189,jános.horváth@example.com,Szombathely,j7jhv,9fjmjfCEj,923,919,919
Varga Katalin,+36475236413,katalin.varga@example.com,Székesfehérvár,5l6nlv,l-oN9y7@,924,920,920
Horváth Zsuzsanna,+36843607882,zsuzsanna.horváth@example.com,Miskolc,3nz1ra0,xc$oAF92R,925,921,921
Szabó János,+36318327399,jános.szabó@example.com,Győr,o3n171n,5XLsYwavT!,926,922,922
Nagy Mária,+36768892389,mária.nagy@example.com,Győr,ám0y189,l&tCX0B6,927,923,923
Szabó Andrea,+36196550185,andrea.szabó@example.com,Miskolc,43az7,1Cb=2iRoLE,928,924,924
Nagy János,+36494484843,jános.nagy@example.com,Budapest,3yaa756,lv0rM0DjtK_S,929,925,925
Kovács Mária,+36773768169,mária.kovács@example.com,Kecskemét,kv2s7m,1_*fWzfR6Y,930,926,926
Tóth Zsuzsanna,+36488232136,zsuzsanna.tóth@example.com,Budapest,7t40h,#YnUtyiGYg^,931,927,927
Molnár Péter,+36135734762,péter.molnár@example.com,Szeged,nt8pt93,fybh#H^XTL,932,928,928
Németh Gábor,+36633615858,gábor.németh@example.com,Győr,8n93g8,W^C8%H0ij!B,933,929,929
Kovács Péter,+36328986342,péter.kovács@example.com,Székesfehérvár,e39k0o,oUXarVA8,934,930,930
Kovács Péter,+36037949088,péter.kovács@example.com,Szombathely,2áéáe9t,QlY$k@$W_,935,931,931
Horváth Béla,+36108325874,béla.horváth@example.com,Miskolc,o090ár6,$g)3CA9m5,936,932,932
Szabó Béla,+36985264353,béla.szabó@example.com,Szombathely,ó3ózb,H2W6Pyi4k0c,937,933,933
Horváth Gábor,+36444283516,gábor.horváth@example.com,Miskolc,243o4b,3vEYw5I#qlZ,938,934,934
Horváth Béla,+36865665147,béla.horváth@example.com,Szeged,83éé53,b*WpH0hm,939,935,935
Tóth Andrea,+36748394152,andrea.tóth@example.com,Kecskemét,5a05n,5Z_JEkmB8pWS,940,936,936
Németh János,+36252569394,jános.németh@example.com,Debrecen,12á65,t1XHV2r&p,941,937,937
Varga Andrea,+36391398705,andrea.varga@example.com,Szombathely,2a923,!#F3$UgQ,942,938,938
Németh Zsuzsanna,+36877828545,zsuzsanna.németh@example.com,Miskolc,n5aén,6wCxDC_F)e,943,939,939
Nagy Zsuzsanna,+36894153624,zsuzsanna.nagy@example.com,Szeged,46s5a4s,#RfqktEc8*4A,944,940,940
Németh Andrea,+36138495884,andrea.németh@example.com,Szeged,h81rd,wKUE5alrle,945,941,941
Kovács Gábor,+36108028206,gábor.kovács@example.com,Miskolc,7887á56,L2#hnN5+,946,942,942
Molnár Mária,+36857385024,mária.molnár@example.com,Szombathely,3ramon,p(Xvs-=xd,947,943,943
Tóth János,+36333111816,jános.tóth@example.com,Kecskemét,joo703,Sm-E6$1yvX,948,944,944
Molnár Andrea,+36493768659,andrea.molnár@example.com,Kecskemét,dle37re,HiMshLjUZdd0,949,945,945
Németh Mária,+36826379557,mária.németh@example.com,Kecskemét,3h35a8r,Pd1_7sp^F,950,946,946
Varga Gábor,+36153536540,gábor.varga@example.com,Kecskemét,7goavoo,jPkAYNFg,951,947,947
Szabó Béla,+36643889492,béla.szabó@example.com,Pécs,580s512,b*iiI^fl=A,952,948,948
Kovács László,+36803810509,lászló.kovács@example.com,Miskolc,lz6s82,l46VMyYaS,953,949,949
Varga Béla,+36580623335,béla.varga@example.com,Győr,ég657,mEmVcoP9!vu,954,950,950
Tóth Béla,+36341451664,béla.tóth@example.com,Budapest,5356b4,nb911!L-,955,951,951
Nagy Gábor,+36927649772,gábor.nagy@example.com,Debrecen,a2949á,g3e$^hcC=hf,956,952,952
Horváth Zsuzsanna,+36679789208,zsuzsanna.horváth@example.com,Székesfehérvár,8o2áu6,65%o%Nc#,957,953,953
Horváth Zsuzsanna,+36460093798,zsuzsanna.horváth@example.com,Pécs,2tz35,WWJLtXCeiV,958,954,954
Kiss Péter,+36953114344,péter.kiss@example.com,Debrecen,20k5é,$Q3D&dy64N,959,955,955
Nagy Gábor,+36757787126,gábor.nagy@example.com,Székesfehérvár,8gg23,csBWnjbY)d,960,956,956
Nagy Gábor,+36776690876,gábor.nagy@example.com,Debrecen,o51o1,%#v*pJIe4F,961,957,957
Kovács Zsuzsanna,+36465240479,zsuzsanna.kovács@example.com,Pécs,s3zc1au,OM*fj&(0_E6,962,958,958
Szabó Mária,+36849202522,mária.szabó@example.com,Kecskemét,ó022áb,e$-E&cPSgK85,963,959,959
Kovács Béla,+36046282838,béla.kovács@example.com,Debrecen,8b21o,Ocqz41VYS,964,960,960
Kovács László,+36865980826,lászló.kovács@example.com,Pécs,sá1á3l,!-n7Dllqw,965,961,961
Szabó Béla,+36998668228,béla.szabó@example.com,Debrecen,5lb9é0,d&dSKLJ!Cp,966,962,962
Molnár Andrea,+36880596158,andrea.molnár@example.com,Győr,ndl87no,F3+b#g@Y@%oP,967,963,963
Kiss Gábor,+36484967610,gábor.kiss@example.com,Miskolc,ái103r,WQ#dnEl#@le,968,964,964
Kovács János,+36182207711,jános.kovács@example.com,Székesfehérvár,4o577,zqPBd8!Tsy,969,965,965
Németh Andrea,+36992534125,andrea.németh@example.com,Budapest,h0r3ea1,zvftpjCjG-K9,970,966,966
Varga Andrea,+36372096699,andrea.varga@example.com,Szombathely,6rraae,Qbax-e9uB,971,967,967
Molnár Gábor,+36057798606,gábor.molnár@example.com,Szeged,oglr9,CwhOD!I)xDJ,972,968,968
Nagy Péter,+36927068711,péter.nagy@example.com,Pécs,9ety32,e7Diu1o)Y,973,969,969
Varga János,+36520733472,jános.varga@example.com,Győr,862n70,i+iRwK7K9c,974,970,970
Kiss János,+36196952469,jános.kiss@example.com,Szeged,oisiá3k,%DqxAe!b,975,971,971
Horváth János,+36644909035,jános.horváth@example.com,Budapest,rnojv0o,bWs2ly!yb!,976,972,972
Varga Mária,+36378359183,mária.varga@example.com,Székesfehérvár,43á733,fKF%GC9AKP,977,973,973
Szabó László,+36111210801,lászló.szabó@example.com,Pécs,z8ó2ba,I3wmfGTNs^Az,978,974,974
Nagy János,+36972146033,jános.nagy@example.com,Kecskemét,aj9y6,uz@qNr4k,979,975,975
Németh Péter,+36959403191,péter.németh@example.com,Miskolc,éétémp,#X*cG&ss2,980,976,976
Németh Andrea,+36965946603,andrea.németh@example.com,Miskolc,mmmh4a3,TF2Ku@x#2,981,977,977
Nagy Zsuzsanna,+36965549142,zsuzsanna.nagy@example.com,Győr,9a545s6,_+bUVuz_h!3,982,978,978
Kiss László,+36431735011,lászló.kiss@example.com,Kecskemét,3lllks9,fU6_02+BQcZu,983,979,979
Németh Andrea,+36214339867,andrea.németh@example.com,Székesfehérvár,édt204é,N-Oj$q58gU,984,980,980
Kovács Béla,+36725029204,béla.kovács@example.com,Budapest,04obs,cbHWuR@D,985,981,981
Németh Katalin,+36270294036,katalin.németh@example.com,Székesfehérvár,78e4mn,vo9km#IdPA,986,982,982
Szabó László,+36901851696,lászló.szabó@example.com,Győr,áóz82,d9B6zI9F,987,983,983
Kovács Katalin,+36472380891,katalin.kovács@example.com,Kecskemét,n0a77o3,CC=)KY=6),988,984,984
Kovács Gábor,+36987229807,gábor.kovács@example.com,Szombathely,3ks03o,Wqg8!&(YZP,989,985,985
Szabó Gábor,+36766671060,gábor.szabó@example.com,Kecskemét,7abaó,a_IDxykEFu,990,986,986
Varga Mária,+36462843299,mária.varga@example.com,Kecskemét,02rmg,BTSYba3(j,991,987,987
Szabó László,+36295768461,lászló.szabó@example.com,Székesfehérvár,4slb37l,A1kWuvie%b&F,992,988,988
Tóth Mária,+36858021093,mária.tóth@example.com,Győr,7ió398t,I%If%5fZj,993,989,989
Horváth Gábor,+36486584005,gábor.horváth@example.com,Debrecen,rgoáá15,-gF!v2bU,994,990,990
Horváth László,+36541969491,lászló.horváth@example.com,Pécs,l2á9h9,GM#qbl0Vrc,995,991,991
Szabó László,+36787839543,lászló.szabó@example.com,Pécs,ózsa4á8,epL_#tAqI%,996,992,992
Szabó Gábor,+36871367044,gábor.szabó@example.com,Miskolc,46gzbs,c2Jt=R&X,997,993,993
Tóth Béla,+36250898337,béla.tóth@example.com,Budapest,t970430,!-*TKNb6v,998,994,994
Kovács Gábor,+36125161548,gábor.kovács@example.com,Miskolc,50v84,kKQQQ8UaaD,999,995,995
Németh Gábor,+36526995674,gábor.németh@example.com,Debrecen,1é513ém,Xv0ViZ&&,1000,996,996
Kiss Andrea,+36133336913,andrea.kiss@example.com,Debrecen,a1283i9,9%*#d6&9_n,1001,997,997
Nagy Andrea,+36611593986,andrea.nagy@example.com,Budapest,n1960e,-9M*VD#KFtjK,1002,998,998
Tóth László,+36247973895,lászló.tóth@example.com,Győr,ltsó03,Hlt-MYvW7,1003,999,999
Horváth Béla,+36853952582,béla.horváth@example.com,Kecskemét,hll91t7,_g-4-wtgK7,1004,1000,1000
Minta Minta,+362055698547,valami@valami.jo,Pilis,Minta547,Teszt123$,1005,1001,1001
l l,+6666666666666,ld@ddd.ko,Érd,l l666,Teszt123$,1006,1002,1002
